id,folder,filename,originalClassification,status,primaryClass,subclass,compatibleClasses,atmosphereVisible,waterVisible,vegetationVisible,iceVisible,volcanismVisible,lightingCleanable,earthGeography,correctionReason,rejectionReason,materialCreated,systemThumbnailCreated,sha256
P01-01,Acid A — Sulfuric Cloud Planet,Acid A — Sulfuric Cloud Planet 1.png,Acid A — Sulfuric Cloud Planet,accepted,greenhouse,sulfuric-cloud,,True,False,False,False,False,True,False,,,True,True,b73b17153d4b96845d9f47832ca330bbb072fcaee66dba9a3edffd8bd997dcfc
P01-02,Acid A — Sulfuric Cloud Planet,Acid A — Sulfuric Cloud Planet 10.png,Acid A — Sulfuric Cloud Planet,accepted,greenhouse,sulfuric-cloud,,True,False,False,False,False,True,False,,,True,True,9dbf5a0e426ec45fec7a6daad29ef42fa5e86e5559d69d1f2759fa1a02bb694f
P01-03,Acid A — Sulfuric Cloud Planet,Acid A — Sulfuric Cloud Planet 11.png,Acid A — Sulfuric Cloud Planet,rejected,greenhouse,sulfuric-cloud,,True,not established,False,False,False,False,False,,Strong baked luminous rim and directional glare.,False,False,0f3e8652c5655d4966c74a5dfc83ee4f4a8beacf078b6e163ce757391a1d3ab0
P01-04,Acid A — Sulfuric Cloud Planet,Acid A — Sulfuric Cloud Planet 12.png,Acid A — Sulfuric Cloud Planet,accepted,greenhouse,sulfuric-cloud,,True,False,False,False,False,True,False,,,True,True,c783ce779c22886dff1e511cbcf54a6badee1cded173d598e128caf3765fe0e0
P01-05,Acid A — Sulfuric Cloud Planet,Acid A — Sulfuric Cloud Planet 13.png,Acid A — Sulfuric Cloud Planet,accepted,greenhouse,sulfuric-cloud,,True,False,False,False,False,True,False,,,True,True,3cbc9a3e871772ea0a2568d58efd9430178ad149e7187359d75f10a24128ebc3
P01-06,Acid A — Sulfuric Cloud Planet,Acid A — Sulfuric Cloud Planet 14.png,Acid A — Sulfuric Cloud Planet,accepted,greenhouse,sulfuric-cloud,,True,False,False,False,False,True,False,,,True,True,126371d86c9fa6a45cd8064e7d2211107b2ed40c1730716358c34006ba8f6e5f
P01-07,Acid A — Sulfuric Cloud Planet,Acid A — Sulfuric Cloud Planet 15.png,Acid A — Sulfuric Cloud Planet,accepted,greenhouse,sulfuric-cloud,,True,False,False,False,False,True,False,,,True,True,894fd1827034daf0cc4c3e45e70bd02c5d1a151b1e6a5f25674ab71842312795
P01-08,Acid A — Sulfuric Cloud Planet,Acid A — Sulfuric Cloud Planet 16.png,Acid A — Sulfuric Cloud Planet,accepted,greenhouse,sulfuric-cloud,,True,False,False,False,False,True,False,,,True,True,6211892c33d89638a93176bf3c2703991a0afff54449b3dbcc0b6ae042ddef5d
P01-09,Acid A — Sulfuric Cloud Planet,Acid A — Sulfuric Cloud Planet 17.png,Acid A — Sulfuric Cloud Planet,accepted,greenhouse,sulfuric-cloud,,True,False,False,False,False,True,False,,,True,True,33f6da1b623d9db4bb94806b9a2a2c2ba981f4c50f250bfda15939db0ab0eb54
P01-10,Acid A — Sulfuric Cloud Planet,Acid A — Sulfuric Cloud Planet 18.png,Acid A — Sulfuric Cloud Planet,rejected,greenhouse,sulfuric-cloud,,True,not established,False,False,False,not prepared (source excluded),False,,Localized hard specular hotspot conflicts with dynamic illumination.,False,False,a05e82c6d1e477db1dfb335e43a860fbc6c06f5465711ce16840dd2b47f43092
P01-11,Acid A — Sulfuric Cloud Planet,Acid A — Sulfuric Cloud Planet 19.png,Acid A — Sulfuric Cloud Planet,accepted,greenhouse,sulfuric-cloud,,True,False,False,False,False,True,False,,,True,True,42653be1f45514cebd85d52f4e3d1d011fa4e60bf40ec35db96ecc5bb07f34e6
P01-12,Acid A — Sulfuric Cloud Planet,Acid A — Sulfuric Cloud Planet 2.png,Acid A — Sulfuric Cloud Planet,accepted,greenhouse,sulfuric-cloud,,True,False,False,False,False,True,False,,,True,True,275a3d1b11799cd3144bde57dc53e7180acc184f086a55b44f2aabb762132b97
P01-13,Acid A — Sulfuric Cloud Planet,Acid A — Sulfuric Cloud Planet 20.png,Acid A — Sulfuric Cloud Planet,rejected,greenhouse,sulfuric-cloud,,True,not established,False,False,False,False,False,,A bright baked rim/lighting strip persists at western rotation.,True,True,86183acd2a5536b81da4e7992fce61d50231dcb93f27a7f643c273db17459426
P01-14,Acid A — Sulfuric Cloud Planet,Acid A — Sulfuric Cloud Planet 21.png,Acid A — Sulfuric Cloud Planet,accepted,greenhouse,sulfuric-cloud,,True,False,False,False,False,True,False,,,True,True,b985fc81d220077590d9160bff409ddaf333e2418f7444101951329ef60f9dc3
P01-15,Acid A — Sulfuric Cloud Planet,Acid A — Sulfuric Cloud Planet 22.png,Acid A — Sulfuric Cloud Planet,accepted,greenhouse,sulfuric-cloud,,True,False,False,False,False,True,False,,,True,True,821b5220992f0745aa1d626541e38997e7040f87a447f3ca3e2066d1468d63da
P01-16,Acid A — Sulfuric Cloud Planet,Acid A — Sulfuric Cloud Planet 23.png,Acid A — Sulfuric Cloud Planet,accepted,greenhouse,sulfuric-cloud,,True,False,False,False,False,True,False,,,True,True,766a758750ffe6c5c52ac35b911e8abf6ddcbf680d8deeb8e3b021f53213ca53
P01-17,Acid A — Sulfuric Cloud Planet,Acid A — Sulfuric Cloud Planet 24.png,Acid A — Sulfuric Cloud Planet,accepted,greenhouse,sulfuric-cloud,,True,False,False,False,False,True,False,,,True,True,ae978c075d874d2983d762c3d86180ded0fcc1fb40fc203a99bde1a660e9a0b0
P01-18,Acid A — Sulfuric Cloud Planet,Acid A — Sulfuric Cloud Planet 3.png,Acid A — Sulfuric Cloud Planet,rejected,greenhouse,sulfuric-cloud,,True,not established,False,False,False,False,False,,Strong hemispheric baked shadow/highlight contrast obscures surface identity.,False,False,03ca6ac33b83ec8ac5d4b60956f9f4d22141d3cca4674888728ef2c1cbd0c2cc
P01-19,Acid A — Sulfuric Cloud Planet,Acid A — Sulfuric Cloud Planet 4.png,Acid A — Sulfuric Cloud Planet,accepted,greenhouse,sulfuric-cloud,,True,False,False,False,False,True,False,,,True,True,784e6d3f23cf6c48c76dec1e173eb453ea569bba8b489436b4d375d5511c5695
P01-20,Acid A — Sulfuric Cloud Planet,Acid A — Sulfuric Cloud Planet 5.png,Acid A — Sulfuric Cloud Planet,accepted,greenhouse,sulfuric-cloud,,True,False,False,False,False,True,False,,,True,True,60fed0fc721985f20d5782e7c75c5e243c857a9c2b55b7e9bd6c41597dffe34f
P01-21,Acid A — Sulfuric Cloud Planet,Acid A — Sulfuric Cloud Planet 6.png,Acid A — Sulfuric Cloud Planet,accepted,greenhouse,sulfuric-cloud,,True,False,False,False,False,True,False,,,True,True,2bd1c8734e22f1b53789ae68cb84ac5be9ffa58faa0f2ef1abf947c5380846b5
P01-22,Acid A — Sulfuric Cloud Planet,Acid A — Sulfuric Cloud Planet 7.png,Acid A — Sulfuric Cloud Planet,accepted,greenhouse,sulfuric-cloud,,True,False,False,False,False,True,False,,,True,True,8d99eb0b7cfc2bfe357f405f1c1b9df0703b0f47b37d9035559a0dfc9f962f8a
P01-23,Acid A — Sulfuric Cloud Planet,Acid A — Sulfuric Cloud Planet 8.png,Acid A — Sulfuric Cloud Planet,accepted,greenhouse,sulfuric-cloud,,True,False,False,False,False,True,False,,,True,True,50e2d81c758f9bca6198030005567ac031751b262e3ada0aa4125a6e4cb03895
P01-24,Acid A — Sulfuric Cloud Planet,Acid A — Sulfuric Cloud Planet 9.png,Acid A — Sulfuric Cloud Planet,accepted,greenhouse,sulfuric-cloud,,True,False,False,False,False,True,False,,,True,True,5e49a25dfe835b287a1040beeb2b80e02767e4f9905deafa804536fc14d26641
P02-01,Acid B — Acid Rain Greenhouse,Acid B — Acid Rain Greenhouse 1.png,Acid B — Acid Rain Greenhouse,rejected,greenhouse,acid-rain,,True,not established,not established,False,False,not prepared (source excluded),False,,Overscaled protruding terrain/cloud clumps and inconsistent miniature-model appearance.,False,False,1d4efe2efc9fe72f9db0ae1bc99f9103b96d2473fa59024af1bb10ec62569503
P02-02,Acid B — Acid Rain Greenhouse,Acid B — Acid Rain Greenhouse 10.png,Acid B — Acid Rain Greenhouse,rejected,greenhouse,acid-rain,,True,not established,not established,False,False,False,False,,Baked colored limb glare persists after neutralization.,True,True,25788769eb202e685c6be5919f74380d8fac47544a722fff45f10196d95243b8
P02-03,Acid B — Acid Rain Greenhouse,Acid B — Acid Rain Greenhouse 11.png,Acid B — Acid Rain Greenhouse,accepted,greenhouse,acid-rain,,True,False,False,False,False,True,False,,,True,True,ea9113ec3594ed5f60646ef4e9e16301c4f1952c6acc92eb60bf8693a2b0fc21
P02-04,Acid B — Acid Rain Greenhouse,Acid B — Acid Rain Greenhouse 12.png,Acid B — Acid Rain Greenhouse,accepted,greenhouse,acid-rain,,True,False,False,False,False,True,False,,,True,True,183df3590036537285172cc1fb93b40b196289268ebe6afd753bea6321e35292
P02-05,Acid B — Acid Rain Greenhouse,Acid B — Acid Rain Greenhouse 13.png,Acid B — Acid Rain Greenhouse,accepted,greenhouse,acid-rain,,True,False,False,False,False,True,False,,,True,True,5db30c16a3dae53591a427af2e288c296e003cd293721c8f73045495ddec4d10
P02-06,Acid B — Acid Rain Greenhouse,Acid B — Acid Rain Greenhouse 14.png,Acid B — Acid Rain Greenhouse,accepted,greenhouse,acid-rain,,True,False,False,False,False,True,False,,,True,True,6656ac62750f2878d1cbc59704a3da14ffd337c4c145d20fab24b0b7d4028276
P02-07,Acid B — Acid Rain Greenhouse,Acid B — Acid Rain Greenhouse 15.png,Acid B — Acid Rain Greenhouse,accepted,greenhouse,acid-rain,,True,False,False,False,False,True,False,,,True,True,0bbf740b0f2c395dbcba8be6112d1eba096da05c2de4d9dca897d7280acdc560
P02-08,Acid B — Acid Rain Greenhouse,Acid B — Acid Rain Greenhouse 16.png,Acid B — Acid Rain Greenhouse,accepted,greenhouse,acid-rain,,True,False,False,False,False,True,False,,,True,True,4a66e1c58c23f3690b85740dce848fba50a5cecc09c0fb425d6d9df83c20098b
P02-09,Acid B — Acid Rain Greenhouse,Acid B — Acid Rain Greenhouse 17.png,Acid B — Acid Rain Greenhouse,rejected,greenhouse,acid-rain,,True,not established,not established,False,False,False,False,,Conversion retains harsh clipped-looking surface patches with poor tonal recovery.,True,True,5fb98578ad5c5c2e829aa3c4010f026429d25aa68d3942ed73cac971ba56bf45
P02-10,Acid B — Acid Rain Greenhouse,Acid B — Acid Rain Greenhouse 18.png,Acid B — Acid Rain Greenhouse,accepted,greenhouse,acid-rain,,True,False,False,False,False,True,False,,,True,True,9951ccd0925318615dc89ddbf67119a58380ce09a2055da5f3c51a6f5d67b59f
P02-11,Acid B — Acid Rain Greenhouse,Acid B — Acid Rain Greenhouse 19.png,Acid B — Acid Rain Greenhouse,accepted,greenhouse,acid-rain,,True,False,False,False,False,True,False,,,True,True,c906280462e62ff6de9ccfeb15a7ecca9a078c3ce597cd05641d72cfb1924d75
P02-12,Acid B — Acid Rain Greenhouse,Acid B — Acid Rain Greenhouse 2.png,Acid B — Acid Rain Greenhouse,accepted,greenhouse,acid-rain,,True,False,False,False,False,True,False,,,True,True,9c870764450f6ee1e9acafc08e05702a7ae88506a931d46e4ad7f3ca29e4e8b8
P02-13,Acid B — Acid Rain Greenhouse,Acid B — Acid Rain Greenhouse 20.png,Acid B — Acid Rain Greenhouse,accepted,greenhouse,acid-rain,,True,False,False,False,False,True,False,,,True,True,ae62e421ebbe7b1f4cb5a035ae6584afdc67e39cfd208e712a91ab8311681ce1
P02-14,Acid B — Acid Rain Greenhouse,Acid B — Acid Rain Greenhouse 21.png,Acid B — Acid Rain Greenhouse,rejected,greenhouse,acid-rain,,True,not established,not established,False,False,False,False,,"Bright surface patches retain overexposed, clipped-looking detail.",True,True,7b98f371aa0c2f77b25b376e87c273e797b68f067018e9813c0f4d48c30147aa
P02-15,Acid B — Acid Rain Greenhouse,Acid B — Acid Rain Greenhouse 22.png,Acid B — Acid Rain Greenhouse,rejected,greenhouse,acid-rain,,True,not established,not established,False,False,False,False,,Strong green directional highlight remains attached to the texture.,True,True,15458800ded82fed2b18036943608b8a24558ab707fae1dd1af7a646b3844f59
P02-16,Acid B — Acid Rain Greenhouse,Acid B — Acid Rain Greenhouse 23.png,Acid B — Acid Rain Greenhouse,accepted,greenhouse,acid-rain,,True,False,False,False,False,True,False,,,True,True,a33a13d0663088d1401375ccc580ae6db115bac095a4a8b496a82d6db6d4e68d
P02-17,Acid B — Acid Rain Greenhouse,Acid B — Acid Rain Greenhouse 24.png,Acid B — Acid Rain Greenhouse,accepted,greenhouse,acid-rain,,True,False,False,False,False,True,False,,,True,True,2efbc9fd568bb4ed11489b8a2e3cd09022e15bf7dba16a6d26942fbbc2f4e9c3
P02-18,Acid B — Acid Rain Greenhouse,Acid B — Acid Rain Greenhouse 3.png,Acid B — Acid Rain Greenhouse,accepted,greenhouse,acid-rain,,True,False,False,False,False,True,False,,,True,True,b86c0df95c401d61e8ae399b5bff052c5a2c902e874ac55072cecbad1d31a99c
P02-19,Acid B — Acid Rain Greenhouse,Acid B — Acid Rain Greenhouse 4.png,Acid B — Acid Rain Greenhouse,accepted,greenhouse,acid-rain,,True,False,False,False,False,True,False,,,True,True,d35accb0f634db134b5fbd4b1b2abbea219768eb54dc279f47a4c7098f61c7c5
P02-20,Acid B — Acid Rain Greenhouse,Acid B — Acid Rain Greenhouse 5.png,Acid B — Acid Rain Greenhouse,accepted,greenhouse,acid-rain,,True,False,False,False,False,True,False,,,True,True,83a1fc694af1e755cf7944117b60bed43e2d5ded6c4a5c1d005905b9df470844
P02-21,Acid B — Acid Rain Greenhouse,Acid B — Acid Rain Greenhouse 6.png,Acid B — Acid Rain Greenhouse,accepted,greenhouse,acid-rain,,True,False,False,False,False,True,False,,,True,True,7e6ba1710cd9875248edcbe0cfaf621aae59e0f4204d4bb0375b32ceebad7e76
P02-22,Acid B — Acid Rain Greenhouse,Acid B — Acid Rain Greenhouse 7.png,Acid B — Acid Rain Greenhouse,accepted,greenhouse,acid-rain,,True,False,False,False,False,True,False,,,True,True,8fca0b5e7d940dc61baff179b2cf755b024eff791c6798fa3c45ad716addb941
P02-23,Acid B — Acid Rain Greenhouse,Acid B — Acid Rain Greenhouse 8.png,Acid B — Acid Rain Greenhouse,accepted,greenhouse,acid-rain,,True,False,False,False,False,True,False,,,True,True,2c369d2461e46584e69ef8c8e1a1d1ed82cf60c1a291b4d7861bfa7e05516676
P02-24,Acid B — Acid Rain Greenhouse,Acid B — Acid Rain Greenhouse 9.png,Acid B — Acid Rain Greenhouse,accepted,greenhouse,acid-rain,,True,False,False,False,False,True,False,,,True,True,98161084495aed4106d09e196d0c1a464e86eed04eda5735dda9359cde52051c
P03-01,Acid C — White Corrosive Cloud World,Acid C — White Corrosive Cloud World 1.png,Acid C — White Corrosive Cloud World,accepted,greenhouse,corrosive-cloud,,True,False,False,False,False,True,False,,,True,True,9ebd0ad16d749751e8b8143c770c0d71798fde1e783233b9340ccdcccbbc3767
P03-02,Acid C — White Corrosive Cloud World,Acid C — White Corrosive Cloud World 10.png,Acid C — White Corrosive Cloud World,accepted,gas-giant,chemical-cloud,,True,False,False,False,False,True,False,Broad flowing atmospheric band system rather than a distinct terrestrial surface.,,True,True,c27dc091d8022661f87462be8a5c21676448b1837e240af0477b8c96dd22fb6a
P03-03,Acid C — White Corrosive Cloud World,Acid C — White Corrosive Cloud World 11.png,Acid C — White Corrosive Cloud World,accepted,gas-giant,chemical-cloud,,True,False,False,False,False,True,False,Smooth global diagonal atmospheric bands.,,True,True,cdc050464c568b7844319a45f4777a2ed1b0a8ebea5c72a62c29f1a008dc9465
P03-04,Acid C — White Corrosive Cloud World,Acid C — White Corrosive Cloud World 12.png,Acid C — White Corrosive Cloud World,accepted,greenhouse,corrosive-cloud,,True,False,False,False,False,True,False,,,True,True,91bedcee34b47539a1adb7c4fb722720291c3ea439e2f62ba39b1f2a98eeedf3
P03-05,Acid C — White Corrosive Cloud World,Acid C — White Corrosive Cloud World 13.png,Acid C — White Corrosive Cloud World,accepted,greenhouse,corrosive-cloud,,True,False,False,False,False,True,False,,,True,True,8403776cfda4a49ff253f4c6aeda3b680edf381fa94f5a4c3d5f618eaaeb0a47
P03-06,Acid C — White Corrosive Cloud World,Acid C — White Corrosive Cloud World 14.png,Acid C — White Corrosive Cloud World,accepted,greenhouse,corrosive-cloud,,True,False,False,False,False,True,False,,,True,True,dae51ef5cacf961866ad8575d5abb935563457d6a749cb84cda1d22f34b7ff86
P03-07,Acid C — White Corrosive Cloud World,Acid C — White Corrosive Cloud World 15.png,Acid C — White Corrosive Cloud World,accepted,greenhouse,corrosive-cloud,,True,False,False,False,False,True,False,,,True,True,bb7a08494594b62cb5a7bd66902e5416c5a04a1958da6c9752014370c06d0d0e
P03-08,Acid C — White Corrosive Cloud World,Acid C — White Corrosive Cloud World 16.png,Acid C — White Corrosive Cloud World,rejected,greenhouse,corrosive-cloud,,True,False,False,False,False,not prepared (source excluded),False,,Smooth glossy hotspots cannot serve as unlit cloud color.,False,False,aa50d582057dc2ca1a51ef29d0cc0919b0b16959010d33246e03d2a32d7b9c7f
P03-09,Acid C — White Corrosive Cloud World,Acid C — White Corrosive Cloud World 17.png,Acid C — White Corrosive Cloud World,accepted,greenhouse,corrosive-cloud,,True,False,False,False,False,True,False,,,True,True,bc5ec2365a851969fadcd51806312da82953ad1c5d9df6902189124404754829
P03-10,Acid C — White Corrosive Cloud World,Acid C — White Corrosive Cloud World 18.png,Acid C — White Corrosive Cloud World,accepted,greenhouse,corrosive-cloud,,True,False,False,False,False,True,False,,,True,True,68d51bceaba90b2a5c2fe84230623596059284a75ee95a540dd292f1f8c79b36
P03-11,Acid C — White Corrosive Cloud World,Acid C — White Corrosive Cloud World 19.png,Acid C — White Corrosive Cloud World,accepted,greenhouse,corrosive-cloud,,True,False,False,False,False,True,False,,,True,True,ab7f85baf7636bcffe96d376b3ec6e7011536e5f1389c8d4762e8f2170c85c1b
P03-12,Acid C — White Corrosive Cloud World,Acid C — White Corrosive Cloud World 2.png,Acid C — White Corrosive Cloud World,accepted,greenhouse,corrosive-cloud,,True,False,False,False,False,True,False,,,True,True,65c9b646221380994d9299ae191f451998fd38789dad705bf9dcd32632839d33
P03-13,Acid C — White Corrosive Cloud World,Acid C — White Corrosive Cloud World 20.png,Acid C — White Corrosive Cloud World,accepted,greenhouse,corrosive-cloud,,True,False,False,False,False,True,False,,,True,True,e1e051821bc1f23a4b343d2b0d2cb096fa9f2aa593827566a779ec6fdf7851e6
P03-14,Acid C — White Corrosive Cloud World,Acid C — White Corrosive Cloud World 21.png,Acid C — White Corrosive Cloud World,accepted,greenhouse,corrosive-cloud,,True,False,False,False,False,True,False,,,True,True,ebcdfa7081f377ffcf0cb16767424102a007d8eda83de299d6fd17f843692a3b
P03-15,Acid C — White Corrosive Cloud World,Acid C — White Corrosive Cloud World 22.png,Acid C — White Corrosive Cloud World,accepted,greenhouse,corrosive-cloud,,True,False,False,False,False,True,False,,,True,True,8a563c7c3cbee47fd3cb68437d52cb4a571cbfde851d7fe438715402f3c62531
P03-16,Acid C — White Corrosive Cloud World,Acid C — White Corrosive Cloud World 23.png,Acid C — White Corrosive Cloud World,accepted,greenhouse,corrosive-cloud,,True,False,False,False,False,True,False,,,True,True,9be301e5e5260766da8c551186919ab3f2612930ff24b1d5da03ee768dc92657
P03-17,Acid C — White Corrosive Cloud World,Acid C — White Corrosive Cloud World 24.png,Acid C — White Corrosive Cloud World,accepted,greenhouse,corrosive-cloud,,True,False,False,False,False,True,False,,,True,True,1fe4b20de8f04478e9699ad9616d5444d0773a2e210c0d44176b8805a64ca69b
P03-18,Acid C — White Corrosive Cloud World,Acid C — White Corrosive Cloud World 25.png,Acid C — White Corrosive Cloud World,accepted,gas-giant,chemical-cloud,,True,False,False,False,False,True,False,Broad continuous gaseous atmospheric bands.,,True,True,e971f118233fe42f873771b1e8f8b4f1142e72037cc74ae42ad538215361a2d9
P03-19,Acid C — White Corrosive Cloud World,Acid C — White Corrosive Cloud World 26.png,Acid C — White Corrosive Cloud World,accepted,greenhouse,corrosive-cloud,,True,False,False,False,False,True,False,,,True,True,e4d87881210c951c2a09072ecf3d4e68587489f90fddb2805dc207bdd93c4fff
P03-20,Acid C — White Corrosive Cloud World,Acid C — White Corrosive Cloud World 27.png,Acid C — White Corrosive Cloud World,accepted,gas-giant,cream-cloud-giant,,True,False,False,False,False,True,False,"Pastel banded giant atmosphere, not specific evidence of corrosive terrestrial clouds.",,True,True,ec13b102dfab577f78fe2084ed4fa5cfced2293beedf76c359e7729414c70aca
P03-21,Acid C — White Corrosive Cloud World,Acid C — White Corrosive Cloud World 28.png,Acid C — White Corrosive Cloud World,accepted,greenhouse,corrosive-cloud,,True,False,False,False,False,True,False,,,True,True,f517438fc687d23450bf41414b924e78aa94b59868bf95544cd5a1db8dada432
P03-22,Acid C — White Corrosive Cloud World,Acid C — White Corrosive Cloud World 3.png,Acid C — White Corrosive Cloud World,accepted,greenhouse,corrosive-cloud,,True,False,False,False,False,True,False,,,True,True,d57d2134cad9549c17873830726fd91cae0dd25066090e678b645fa134d70f02
P03-23,Acid C — White Corrosive Cloud World,Acid C — White Corrosive Cloud World 4.png,Acid C — White Corrosive Cloud World,rejected,greenhouse,corrosive-cloud,,True,False,False,False,False,not prepared (source excluded),False,,Localized specular hotspot baked into atmospheric bands.,False,False,fa957b4e96000e69a541fe3ae9377468b9c1c5b2f0e1e8f98efe56cbcd19cb3c
P03-24,Acid C — White Corrosive Cloud World,Acid C — White Corrosive Cloud World 5.png,Acid C — White Corrosive Cloud World,accepted,greenhouse,corrosive-cloud,,True,False,False,False,False,True,False,,,True,True,0ddfd0d982c07d1c54e64432d41e6229942ea3e7b230454814343780710e64a6
P03-25,Acid C — White Corrosive Cloud World,Acid C — White Corrosive Cloud World 6.png,Acid C — White Corrosive Cloud World,accepted,greenhouse,corrosive-cloud,,True,False,False,False,False,True,False,,,True,True,ee2809a36f08e8c08d5f0c450efac90d5ae01f06dafdc3f28a5dfa5aa37484be
P03-26,Acid C — White Corrosive Cloud World,Acid C — White Corrosive Cloud World 7.png,Acid C — White Corrosive Cloud World,rejected,greenhouse,corrosive-cloud,,True,False,False,False,False,not prepared (source excluded),False,,Stylized marble-like linework does not read as plausible planetary atmosphere.,False,False,936ed1d967cc0d6d7f8eb042d597f6bb47f5d08ea160988bdc90e64f2f8ba3de
P03-27,Acid C — White Corrosive Cloud World,Acid C — White Corrosive Cloud World 8.png,Acid C — White Corrosive Cloud World,accepted,gas-giant,chemical-cloud,,True,False,False,False,False,True,False,Continuous broad green atmospheric band pattern.,,True,True,f92b32a28cc0eb4214a9e6f4e9c9b30ff7c0750d11d259661ec210b616588621
P03-28,Acid C — White Corrosive Cloud World,Acid C — White Corrosive Cloud World 9.png,Acid C — White Corrosive Cloud World,accepted,greenhouse,corrosive-cloud,,True,False,False,False,False,True,False,,,True,True,72c1424ffefc8a55c69daf66426bb6cc617c95481a378a18265281da2646a04d
P04-01,Barren B — Iron-Rich Rust World,Barren B — Iron- Rich Rust World 1.png,Barren B — Iron-Rich Rust World,accepted,barren,ancient-grey-crater,super-earth,False,False,False,False,False,True,False,Grey cratered surface lacks dominant rust-red mineral coloration.,,True,True,3290ac1b14c9245efd2b2d9ed768b1c98e733cda6df36e26efb858700416646c
P04-02,Barren B — Iron-Rich Rust World,Barren B — Iron- Rich Rust World 10.png,Barren B — Iron-Rich Rust World,accepted,barren,iron-rich-rust,super-earth,False,False,False,False,False,True,False,,,True,True,bf12d46cade56ca39543a8c60a33e39ce9b7b5f2e0e4896512a6f4bdc26ab760
P04-03,Barren B — Iron-Rich Rust World,Barren B — Iron- Rich Rust World 11.png,Barren B — Iron-Rich Rust World,rejected,barren,iron-rich-rust,super-earth,False,False,False,False,False,not prepared (source excluded),False,,Duplicate content of P04-01; no duplicate runtime import. ,False,False,3290ac1b14c9245efd2b2d9ed768b1c98e733cda6df36e26efb858700416646c
P04-04,Barren B — Iron-Rich Rust World,Barren B — Iron- Rich Rust World 12.png,Barren B — Iron-Rich Rust World,accepted,barren,ancient-grey-crater,super-earth,False,False,False,False,False,True,False,"Neutral grey, densely cratered airless appearance.",,True,True,0d0724f9b5a4efa58ed139ce019bfe1f8393f301fd00b9f3dec4edce1f535b98
P04-05,Barren B — Iron-Rich Rust World,Barren B — Iron- Rich Rust World 13.png,Barren B — Iron-Rich Rust World,accepted,barren,iron-rich-rust,super-earth,False,False,False,False,False,True,False,,,True,True,150e72fe3ff341f741c71965b3ae970b21501f38a77cd16cb21c383a79605eda
P04-06,Barren B — Iron-Rich Rust World,Barren B — Iron- Rich Rust World 14.png,Barren B — Iron-Rich Rust World,rejected,barren,iron-rich-rust,super-earth,False,False,False,False,False,not prepared (source excluded),False,,Near-black lower hemisphere with strong baked terminator.,False,False,4fa5866370fea1da91c36678c7008890350115f542a702da6a8e9057a227e83b
P04-07,Barren B — Iron-Rich Rust World,Barren B — Iron- Rich Rust World 15.png,Barren B — Iron-Rich Rust World,accepted,barren,iron-rich-rust,super-earth,False,False,False,False,False,True,False,,,True,True,66de35b384475eb23f466ab31f44d7cef53be8cd8e1ea592900e0a5c9641462c
P04-08,Barren B — Iron-Rich Rust World,Barren B — Iron- Rich Rust World 16.png,Barren B — Iron-Rich Rust World,accepted,barren,iron-rich-rust,super-earth,False,False,False,False,False,True,False,,,True,True,45a043efb9a641d8d947de2a7d9d59250c3e23ca8c78dede316cfb6a8249444d
P04-09,Barren B — Iron-Rich Rust World,Barren B — Iron- Rich Rust World 17.png,Barren B — Iron-Rich Rust World,rejected,barren,iron-rich-rust,super-earth,False,False,False,False,False,False,False,,Studio floor/contact shadow and hard polished-object glare.,False,False,befaeaccf9a70693dc33eb6ac15ee7d91e6cf3631d430e5155a344c8e8c3a4ce
P04-10,Barren B — Iron-Rich Rust World,Barren B — Iron- Rich Rust World 18.png,Barren B — Iron-Rich Rust World,accepted,barren,iron-rich-rust,super-earth,False,False,False,False,False,True,False,,,True,True,39a3057c0d53bf547b530744985b78105c7bb24e52753624534d290c102cb166
P04-11,Barren B — Iron-Rich Rust World,Barren B — Iron- Rich Rust World 19.png,Barren B — Iron-Rich Rust World,rejected,barren,iron-rich-rust,super-earth,False,False,False,False,False,not prepared (source excluded),False,,Duplicate content of P04-10; no duplicate runtime import. ,False,False,39a3057c0d53bf547b530744985b78105c7bb24e52753624534d290c102cb166
P04-12,Barren B — Iron-Rich Rust World,Barren B — Iron- Rich Rust World 2.png,Barren B — Iron-Rich Rust World,rejected,barren,iron-rich-rust,super-earth,False,False,False,False,False,not prepared (source excluded),False,,Duplicate content of P04-04; no duplicate runtime import. ,False,False,0d0724f9b5a4efa58ed139ce019bfe1f8393f301fd00b9f3dec4edce1f535b98
P04-13,Barren B — Iron-Rich Rust World,Barren B — Iron- Rich Rust World 20.png,Barren B — Iron-Rich Rust World,rejected,barren,iron-rich-rust,super-earth,False,False,False,False,False,not prepared (source excluded),False,,Strong baked dark lower hemisphere/terminator.,False,False,530f10911e01abc9e1e8aa058913361f7567acd9399d5e5afcfa2c7d0357baa5
P04-14,Barren B — Iron-Rich Rust World,Barren B — Iron- Rich Rust World 21.png,Barren B — Iron-Rich Rust World,rejected,barren,iron-rich-rust,super-earth,False,False,False,False,False,False,False,,A directional rim highlight or colored lighting strip remains visible during rotation.,True,True,fb316f7b6e8beafd08691c5ec3239e3b4384304a962099ba7c8bcff7f2d9d31e
P04-15,Barren B — Iron-Rich Rust World,Barren B — Iron- Rich Rust World 22.png,Barren B — Iron-Rich Rust World,accepted,barren,iron-rich-rust,super-earth,False,False,False,False,False,True,False,,,True,True,2cf1d451a8bc5ef8349348a2ee641e7981b09cd16efaf9e81a2796aa7b71e3e4
P04-16,Barren B — Iron-Rich Rust World,Barren B — Iron- Rich Rust World 3.png,Barren B — Iron-Rich Rust World,rejected,barren,iron-rich-rust,super-earth,False,False,False,False,False,False,False,,Strong hemispheric shadow and raised miniature-like crater relief.,False,False,b3711224eb5bd4ec025df58e673e28ed10bec2c19d6ff1f14fdd924effa1b30e
P04-17,Barren B — Iron-Rich Rust World,Barren B — Iron- Rich Rust World 4.png,Barren B — Iron-Rich Rust World,rejected,barren,ancient-grey-crater,super-earth,False,False,False,False,False,False,False,Grey crater-dominated surface rather than rust-red terrain.,A directional rim highlight or colored lighting strip remains visible during rotation.,True,True,f3b35c211e200abccff8d615f15d14e84f89145c1ef69084771b18d418201023
P04-18,Barren B — Iron-Rich Rust World,Barren B — Iron- Rich Rust World 5.png,Barren B — Iron-Rich Rust World,accepted,barren,ancient-grey-crater,super-earth,False,False,False,False,False,True,False,Grey lunar-style cratered surface.,,True,True,202185cbdc5637479be08771088a5241fecb837cd4fb7a89f750c4e58d897155
P04-19,Barren B — Iron-Rich Rust World,Barren B — Iron- Rich Rust World 6.png,Barren B — Iron-Rich Rust World,accepted,barren,mineral-highlands,super-earth,False,False,False,False,False,True,False,Pale mineral ridges dominate over rusty coloration.,,True,True,fa3ae590970a8beab58be81e1921f58be1a30546e39ebc9cbc069679aad8eaa4
P04-20,Barren B — Iron-Rich Rust World,Barren B — Iron- Rich Rust World 7.png,Barren B — Iron-Rich Rust World,accepted,barren,iron-rich-rust,super-earth,False,False,False,False,False,True,False,,,True,True,0aa22cdad48145bee64c41cfc4e9f9f9639cf372bbae9fc2c95e77c63c8d8c12
P04-21,Barren B — Iron-Rich Rust World,Barren B — Iron- Rich Rust World 8.png,Barren B — Iron-Rich Rust World,rejected,barren,iron-rich-rust,super-earth,False,False,False,False,False,not prepared (source excluded),False,,Severe overall underexposure loses recoverable surface color.,False,False,878463794bf38974fb2bd8dfe9c6aba3de64e6e69c50afde5b85133ea6444398
P04-22,Barren B — Iron-Rich Rust World,Barren B — Iron- Rich Rust World 9.png,Barren B — Iron-Rich Rust World,accepted,barren,iron-rich-rust,super-earth,False,False,False,False,False,True,False,,,True,True,ed3f001629ca2eccae350c94e72c1a387eac451302e5c680b43d8f8d146c6e9c
P04-23,Barren B — Iron-Rich Rust World,Barren B — Iron-rich rust world 1.png,Barren B — Iron-Rich Rust World,accepted,barren,iron-rich-rust,super-earth,False,False,False,False,False,True,False,,,True,True,90c05acae497f61bf96d1304c64e84a96c18fcbdd5f59934eb17d797e4db1464
P04-24,Barren B — Iron-Rich Rust World,Barren B — Iron-rich rust world 2.png,Barren B — Iron-Rich Rust World,rejected,barren,iron-rich-rust,super-earth,False,False,False,False,False,not prepared (source excluded),False,,Duplicate content of P04-21; no duplicate runtime import. ,False,False,878463794bf38974fb2bd8dfe9c6aba3de64e6e69c50afde5b85133ea6444398
P04-25,Barren B — Iron-Rich Rust World,Barren B — Iron-rich rust world 3.png,Barren B — Iron-Rich Rust World,rejected,barren,iron-rich-rust,super-earth,False,False,False,False,False,not prepared (source excluded),False,,Duplicate content of P04-22; no duplicate runtime import. ,False,False,ed3f001629ca2eccae350c94e72c1a387eac451302e5c680b43d8f8d146c6e9c
P04-26,Barren B — Iron-Rich Rust World,Barren B — Iron-rich rust world 4.png,Barren B — Iron-Rich Rust World,rejected,barren,iron-rich-rust,super-earth,False,False,False,False,False,not prepared (source excluded),False,,Duplicate content of P04-02; no duplicate runtime import. ,False,False,bf12d46cade56ca39543a8c60a33e39ce9b7b5f2e0e4896512a6f4bdc26ab760
P05-01,Barren C — Pale Mineral Highland World,Barren 3 — Pale highland 4.png,Barren C — Pale Mineral Highland World,accepted,barren,mineral-highlands,super-earth,False,False,False,False,False,True,False,,,True,True,efb0b77c9352e3987a906b66fa3d9efd67c9044c5088f330a54e1f3c8444d63c
P05-02,Barren C — Pale Mineral Highland World,Barren B — Iron- Rich Rust World 12.png,Barren C — Pale Mineral Highland World,rejected,barren,mineral-highlands,super-earth,False,False,False,uncertain pale patches,False,False,False,,A directional rim highlight or colored lighting strip remains visible during rotation.,True,True,bdea99dd315d66d55366605479d8e180ccce6297470787288ba65b2b1ef07b88
P05-03,Barren C — Pale Mineral Highland World,Barren B — Iron- Rich Rust World 13.png,Barren C — Pale Mineral Highland World,rejected,barren,mineral-highlands,super-earth,False,False,False,uncertain pale patches,False,not prepared (source excluded),False,,Planet is cropped along the bottom edge.,False,False,a59e853a4d0ad5546d40b5d90866f2c6b482d2b095bc65ac2f70380cb9b8ff3d
P05-04,Barren C — Pale Mineral Highland World,Barren B — Iron- Rich Rust World 14.png,Barren C — Pale Mineral Highland World,accepted,barren,mineral-highlands,super-earth,False,False,False,False,False,True,False,,,True,True,ef3d0a93b426239d15049db63fe05eb9ef34d78100503926019c00641b1bb950
P05-05,Barren C — Pale Mineral Highland World,Barren B — Iron- Rich Rust World 15.png,Barren C — Pale Mineral Highland World,rejected,barren,mineral-highlands,super-earth,False,False,False,uncertain pale patches,False,False,False,,A directional rim highlight or colored lighting strip remains visible during rotation.,True,True,ce51c2f1f168cec4daaa57a187a318b51fe3760e95befbc5e116138ccde9b887
P05-06,Barren C — Pale Mineral Highland World,Barren B — Iron- Rich Rust World 16.png,Barren C — Pale Mineral Highland World,accepted,barren,mineral-highlands,super-earth,False,False,False,False,False,True,False,,,True,True,b4e75b38c9bb1550c8cab82b83286bab1e3b3bfed9861d0cdfe563caa6b5ea6f
P05-07,Barren C — Pale Mineral Highland World,Barren B — Iron- Rich Rust World 17.png,Barren C — Pale Mineral Highland World,accepted,barren,mineral-highlands,super-earth,False,False,False,False,False,True,False,,,True,True,22c652a45a071d6c77b64fb17e69b9cd2014063d539cadd2b559cc482fe86a50
P05-08,Barren C — Pale Mineral Highland World,Barren B — Iron- Rich Rust World 18.png,Barren C — Pale Mineral Highland World,accepted,barren,mineral-highlands,super-earth,False,False,False,False,False,True,False,,,True,True,82d8644642f4aa13a6503d8ee81a91c327c1e8ffe2b4e9c34a87ffdd7fefdf29
P05-09,Barren C — Pale Mineral Highland World,Barren B — Iron- Rich Rust World 19.png,Barren C — Pale Mineral Highland World,accepted,barren,mineral-highlands,super-earth,False,False,False,False,False,True,False,,,True,True,e961408d709977b8e38773074527234aedb78ecfe838abac52e04aa74c408f91
P05-10,Barren C — Pale Mineral Highland World,Barren B — Iron- Rich Rust World 20.png,Barren C — Pale Mineral Highland World,accepted,barren,mineral-highlands,super-earth,False,False,False,False,False,True,False,,,True,True,5b416247370b61015554efdb8b30b5ef0f758ab7a7756eff952c7be86a16112b
P05-11,Barren C — Pale Mineral Highland World,Barren B — Iron- Rich Rust World 21.png,Barren C — Pale Mineral Highland World,rejected,barren,mineral-highlands,super-earth,False,False,False,uncertain pale patches,False,False,False,,A directional rim highlight or colored lighting strip remains visible during rotation.,True,True,57e4f31a9fa0699a020ac5ce55e144d7a4b57c8b3c7eb322e40d7f7752092ab0
P05-12,Barren C — Pale Mineral Highland World,Barren C — Pale Mineral Highland World  1.png,Barren C — Pale Mineral Highland World,accepted,barren,mineral-highlands,super-earth,False,False,False,False,False,True,False,,,True,True,ebe3e9ccd37d33f98d2ac2cd8fffad032ef4bd1af7d4d88a38612c451bee7593
P05-13,Barren C — Pale Mineral Highland World,Barren C — Pale Mineral Highland World  10.png,Barren C — Pale Mineral Highland World,accepted,barren,ancient-grey-crater,super-earth,False,False,False,False,False,True,False,Dark grey crater field rather than pale mineral highlands.,,True,True,53e10e15196c5fb428572baa67a3bc8e246ae876a610bdd7da44774dc8a7da57
P05-14,Barren C — Pale Mineral Highland World,Barren C — Pale Mineral Highland World  11.png,Barren C — Pale Mineral Highland World,accepted,barren,mineral-highlands,super-earth,False,False,False,False,False,True,False,,,True,True,8e37ee4083350fc6648b5a76b25dffd6016c987f24752a6733aa1a321910393d
P05-15,Barren C — Pale Mineral Highland World,Barren C — Pale Mineral Highland World  2.png,Barren C — Pale Mineral Highland World,accepted,barren,mineral-highlands,super-earth,False,False,False,False,False,True,False,,,True,True,65e8df47a02d83efde3b4524411b8047d79de625b7d2d57fb84a0222b1813c05
P05-16,Barren C — Pale Mineral Highland World,Barren C — Pale Mineral Highland World  3.png,Barren C — Pale Mineral Highland World,accepted,barren,mineral-highlands,super-earth,False,False,False,False,False,True,False,,,True,True,460e4f24ea27e666cff4a51c10e811c853ff952520b509ccb48651a26a6b0825
P05-17,Barren C — Pale Mineral Highland World,Barren C — Pale Mineral Highland World  4.png,Barren C — Pale Mineral Highland World,accepted,barren,mineral-highlands,super-earth,False,False,False,False,False,True,False,,,True,True,2968e5fa5f59f7e629d25d9e056b51514069816d5cf91aa8f8f2508f18a176a3
P05-18,Barren C — Pale Mineral Highland World,Barren C — Pale Mineral Highland World  5.png,Barren C — Pale Mineral Highland World,rejected,barren,mineral-highlands,super-earth,False,False,False,uncertain pale patches,False,not prepared (source excluded),False,,Localized orange specular hotspot is baked into the surface.,False,False,fceaf988790578f189cb4f8450c8d9c5d2075c218cb0a3bddec3b8f4fb7fd9f5
P05-19,Barren C — Pale Mineral Highland World,Barren C — Pale Mineral Highland World  6.png,Barren C — Pale Mineral Highland World,accepted,barren,ancient-grey-crater,super-earth,False,False,False,False,False,True,False,Densely cratered neutral grey surface.,,True,True,2e3640ea0018587cb6b5010e6e4136b2d69288c180ad990123783a813b325d41
P05-20,Barren C — Pale Mineral Highland World,Barren C — Pale Mineral Highland World  7.png,Barren C — Pale Mineral Highland World,accepted,barren,mineral-highlands,super-earth,False,False,False,False,False,True,False,,,True,True,c5ae25c80beb0dbdf7cb687eab8ff1d48a9a28ffa678d6e39408f5e9dab41afc
P05-21,Barren C — Pale Mineral Highland World,Barren C — Pale Mineral Highland World  8.png,Barren C — Pale Mineral Highland World,rejected,barren,mineral-highlands,super-earth,False,False,False,uncertain pale patches,False,not prepared (source excluded),False,,Duplicate content of P05-14; no duplicate runtime import. ,False,False,8e37ee4083350fc6648b5a76b25dffd6016c987f24752a6733aa1a321910393d
P05-22,Barren C — Pale Mineral Highland World,Barren C — Pale Mineral Highland World  9.png,Barren C — Pale Mineral Highland World,rejected,barren,mineral-highlands,super-earth,False,False,False,uncertain pale patches,False,not prepared (source excluded),False,,Duplicate content of P05-18; no duplicate runtime import. ,False,False,fceaf988790578f189cb4f8450c8d9c5d2075c218cb0a3bddec3b8f4fb7fd9f5
P05-23,Barren C — Pale Mineral Highland World,Barren C — Pale mineral highland world 1.png,Barren C — Pale Mineral Highland World,accepted,barren,mineral-highlands,super-earth,False,False,False,False,False,True,False,,,True,True,2c93c7f6ec3840807cdeb2de92b29d7dfb56174f0f080527628bddedf8b50b12
P05-24,Barren C — Pale Mineral Highland World,Barren C — Pale mineral highland world 2.png,Barren C — Pale Mineral Highland World,accepted,barren,mineral-highlands,super-earth,False,False,False,False,False,True,False,,,True,True,4cd1f3ff322b49d79434b8956da79cc34a48bdcbbc48aa4401811e03bd60d820
P05-25,Barren C — Pale Mineral Highland World,Barren C — Pale mineral highland world 3.png,Barren C — Pale Mineral Highland World,rejected,barren,mineral-highlands,super-earth,False,False,False,uncertain pale patches,False,False,False,,A directional rim highlight or colored lighting strip remains visible during rotation.,True,True,453c1bee35927501ca4ca36091e769491c463033b987dc158bf445ca30c1a6ba
P06-01,Carbon A — Graphite World,Carbon A — Graphite World 1.png,Carbon A — Graphite World,accepted,carbon,graphite,,False,False,False,False,False,True,False,,,True,True,f11d48c073d8abf2b3cee1c37dbc4cc123ba2ea1e19a4359b88840e9251e6548
P06-02,Carbon A — Graphite World,Carbon A — Graphite World 10.png,Carbon A — Graphite World,rejected,carbon,graphite,,False,False,False,False,False,False,False,,Strong localized polished-object glare and baked directional illumination.,False,False,3038b6f8c2dc1a2f2d56e6c8909b4e274fdec1e18cd4b76f3845672cebb88c26
P06-03,Carbon A — Graphite World,Carbon A — Graphite World 11.png,Carbon A — Graphite World,rejected,carbon,graphite,,False,False,False,False,False,False,False,,Material preparation retained excessive unrecoverable darkness or clipped highlights.,False,False,4d4613ca183bb725c670f3869f04567dcfdeab2dd6dc0e404495531e7b311840
P06-04,Carbon A — Graphite World,Carbon A — Graphite World 12.png,Carbon A — Graphite World,accepted,carbon,graphite,,False,False,False,False,False,True,False,,,True,True,31056837573b7c047c03dea624ebba9756476e00435822064e1fe36dfa05889a
P06-05,Carbon A — Graphite World,Carbon A — Graphite World 13.png,Carbon A — Graphite World,accepted,carbon,graphite,,False,False,False,False,False,True,False,,,True,True,2feb954d7d2854ca5221feebe78fa02ae0b309c01735f6ae1c018b6b7af561aa
P06-06,Carbon A — Graphite World,Carbon A — Graphite World 14.png,Carbon A — Graphite World,rejected,carbon,graphite,,False,False,False,False,False,not prepared (source excluded),False,,Severe dark exposure obscures recoverable surface color.,False,False,e268de2ec8e4c5743331a98e3569cb24f86911c14fa1ce13e9f50030ea930052
P06-07,Carbon A — Graphite World,Carbon A — Graphite World 15.png,Carbon A — Graphite World,accepted,carbon,graphite,,False,False,False,False,False,True,False,,,True,True,bf692809e70b15c937a80ed1fdcec2330c15bcbb16ffdcbd08f0d384beb072e2
P06-08,Carbon A — Graphite World,Carbon A — Graphite World 16.png,Carbon A — Graphite World,rejected,carbon,graphite,,False,False,False,False,False,False,False,,Strong localized polished-object glare and baked directional illumination.,False,False,0596060f25910bf3193fbfe26d32622d4430db7a7f81cecdf1b0f4c1d0b25fcc
P06-09,Carbon A — Graphite World,Carbon A — Graphite World 17.png,Carbon A — Graphite World,accepted,carbon,graphite,,False,False,False,False,False,True,False,,,True,True,87e98792ebea18dcbd20fa4245133fbe08db61c6e7db933d85d04e044fad5542
P06-10,Carbon A — Graphite World,Carbon A — Graphite World 18.png,Carbon A — Graphite World,accepted,frozen,blue-glacier,super-earth,False,False,False,True,False,True,False,Pale blue fractured ice dominates rather than graphite rock.,,True,True,c5d7e9f670a540c32f4f8ad2411521f587c58f1f7e77dcb070b2a3ab1be3ac27
P06-11,Carbon A — Graphite World,Carbon A — Graphite World 19.png,Carbon A — Graphite World,accepted,carbon,graphite,,False,False,False,False,False,True,False,,,True,True,26079e99a6311998e6736a5495a592b3dfa34738f2a8422705718aaee4023efc
P06-12,Carbon A — Graphite World,Carbon A — Graphite World 2.png,Carbon A — Graphite World,rejected,carbon,graphite,,False,False,False,False,False,False,False,,Material preparation retained excessive unrecoverable darkness or clipped highlights.,False,False,4a1dff7133fb4889bed127cbd5f450f16e5253367d627a1fc1de1306a63edf8d
P06-13,Carbon A — Graphite World,Carbon A — Graphite World 20.png,Carbon A — Graphite World,accepted,carbon,graphite,,False,False,False,False,False,True,False,,,True,True,6816f9cea857a61ad0475ebed4dd2a27e3e21a988d3bc1ed837c3c824a288dbd
P06-14,Carbon A — Graphite World,Carbon A — Graphite World 21.png,Carbon A — Graphite World,accepted,carbon,graphite,,False,False,False,False,False,True,False,,,True,True,9c42b66e8f3710970b21f6af3803ca808bb6fb3c714dda938d145f7266695bf5
P06-15,Carbon A — Graphite World,Carbon A — Graphite World 22.png,Carbon A — Graphite World,rejected,carbon,graphite,,False,False,False,False,False,not prepared (source excluded),True,,Recognizable Earth-derived continental arrangement including South America; not an alien graphite world.,False,False,3027473a80c51948fbd31f0e4651e2c336ed19ca4c994413def2d50ce0d195ad
P06-16,Carbon A — Graphite World,Carbon A — Graphite World 23.png,Carbon A — Graphite World,rejected,carbon,graphite,,False,False,False,False,False,False,False,,Strong localized polished-object glare and baked directional illumination.,False,False,417cf595127922df3ec7c93d9a0ade9b8ae5c198ad3125fb942fa027a8777223
P06-17,Carbon A — Graphite World,Carbon A — Graphite World 3.png,Carbon A — Graphite World,rejected,carbon,graphite,,False,False,False,False,False,False,False,,Material preparation retained excessive unrecoverable darkness or clipped highlights.,False,False,e817f9b17df77c5c594926d167c61e06948a615b35fedcc06a18c12e98504873
P06-18,Carbon A — Graphite World,Carbon A — Graphite World 4.png,Carbon A — Graphite World,accepted,carbon,graphite,,False,False,False,False,False,True,False,,,True,True,44244abb260b4bc5f56b4758a91e512e48748b2d2218bb01a256fc627745ae44
P06-19,Carbon A — Graphite World,Carbon A — Graphite World 5.png,Carbon A — Graphite World,accepted,carbon,graphite,,False,False,False,False,False,True,False,,,True,True,0ddd59d6be824c19695c6d067e7634c268c18db129768c64b7fb5c8e12194c47
P06-20,Carbon A — Graphite World,Carbon A — Graphite World 6.png,Carbon A — Graphite World,rejected,carbon,graphite,,False,False,False,False,False,not prepared (source excluded),False,,Severe dark exposure obscures recoverable surface color.,False,False,88e373d9fc5b41647a43eac35b19dc85e94e471d55310939173085e8b75f30b4
P06-21,Carbon A — Graphite World,Carbon A — Graphite World 7.png,Carbon A — Graphite World,rejected,carbon,graphite,,False,False,False,False,False,not prepared (source excluded),False,,Severe dark exposure obscures recoverable surface color.,False,False,2038403650f0d066272868dcaed1b88fc0ab03768f9631bcf873636066cbdf76
P06-22,Carbon A — Graphite World,Carbon A — Graphite World 8.png,Carbon A — Graphite World,rejected,carbon,graphite,,False,False,False,False,False,False,False,,Material preparation retained excessive unrecoverable darkness or clipped highlights.,False,False,739617c37b134cb0f59641803e4e4f7d0691bf8213a072e71ae622aa19ebb121
P06-23,Carbon A — Graphite World,Carbon A — Graphite World 9.png,Carbon A — Graphite World,accepted,carbon,graphite,,False,False,False,False,False,True,False,,,True,True,86fa4d41c7291652054aeea0cb31c3c9601e486894f41cd554b846db3a88174c
P07-01,Carbon B — Diamond-Rich World,Carbon B — Diamond- Rich World 1.png,Carbon B — Diamond-Rich World,accepted,carbon,diamond-rich,,False,False,False,False,False,True,False,,,True,True,36aca0fc802be0e7ad1c63087f0c95741c6e17d2f8eaad1f7febde1a1c4316bd
P07-02,Carbon B — Diamond-Rich World,Carbon B — Diamond- Rich World 10.png,Carbon B — Diamond-Rich World,accepted,carbon,diamond-rich,,False,False,False,False,False,True,False,,,True,True,bfb5761170dc78dbc4ae688260c4e3553518296d8194add07ecc3faed20bdad3
P07-03,Carbon B — Diamond-Rich World,Carbon B — Diamond- Rich World 11.png,Carbon B — Diamond-Rich World,accepted,carbon,diamond-rich,,False,False,False,False,False,True,False,,,True,True,875304f91fa8d31a371dc1946c15721ef5845b15e8b1874433bfb076637c8bcd
P07-04,Carbon B — Diamond-Rich World,Carbon B — Diamond- Rich World 12.png,Carbon B — Diamond-Rich World,accepted,carbon,diamond-rich,,False,False,False,False,False,True,False,,,True,True,f06ed91131abb4b2222de00fd82a3794fa554d4df8c9b67cceb6ccc9b7c7ea98
P07-05,Carbon B — Diamond-Rich World,Carbon B — Diamond- Rich World 13.png,Carbon B — Diamond-Rich World,accepted,carbon,diamond-rich,,False,False,False,False,False,True,False,,,True,True,e248f01b0eeeffcb5bd7c1959fad58a7035f70d05c62d0c651afc8726f954a13
P07-06,Carbon B — Diamond-Rich World,Carbon B — Diamond- Rich World 14.png,Carbon B — Diamond-Rich World,rejected,carbon,diamond-rich,,False,False,False,False,False,False,False,,Chrome-like specular hotspots and deep baked shadow cannot provide clean unlit surface color.,False,False,2e7763536c39e59efc00869b669c96d7995d0dbf6d9a4553d7979272f80f4bff
P07-07,Carbon B — Diamond-Rich World,Carbon B — Diamond- Rich World 15.png,Carbon B — Diamond-Rich World,rejected,carbon,diamond-rich,,False,False,False,False,False,False,False,,Chrome-like specular hotspots and deep baked shadow cannot provide clean unlit surface color.,False,False,db177c0d6c2a818758f47f5062d26b37ca69fad6b0ff031cfd3a31719a8a09db
P07-08,Carbon B — Diamond-Rich World,Carbon B — Diamond- Rich World 16.png,Carbon B — Diamond-Rich World,rejected,carbon,diamond-rich,,False,False,False,False,False,False,False,,Chrome-like specular hotspots and deep baked shadow cannot provide clean unlit surface color.,False,False,f6e317d2dccab32bdfbfbf2b0d0922a4c6f79dc2dd315415cf2976fc0585afd9
P07-09,Carbon B — Diamond-Rich World,Carbon B — Diamond- Rich World 17.png,Carbon B — Diamond-Rich World,accepted,carbon,diamond-rich,,False,False,False,False,False,True,False,,,True,True,df8c378b315068db967ef5d11cbe2629ec90fd1aaf8cd1e1c302c09f7678c216
P07-10,Carbon B — Diamond-Rich World,Carbon B — Diamond- Rich World 18.png,Carbon B — Diamond-Rich World,accepted,barren,mineral-highlands,super-earth,False,False,False,False,False,True,False,Brown/pale cratered mineral rock rather than diamond-rich surface appearance.,,True,True,988b231c41d9a446cd44d800320f5cfb623522d4465844121dd2b50aa8e90711
P07-11,Carbon B — Diamond-Rich World,Carbon B — Diamond- Rich World 19.png,Carbon B — Diamond-Rich World,accepted,carbon,diamond-rich,,False,False,False,False,False,True,False,,,True,True,bde022926b1be33c2cf1d7be893ef8479ed8d956965e0dd68791ad16a5032b4b
P07-12,Carbon B — Diamond-Rich World,Carbon B — Diamond- Rich World 2.png,Carbon B — Diamond-Rich World,accepted,carbon,diamond-rich,,False,False,False,False,False,True,False,,,True,True,cf3a3dfc0be44d6a5b2ee98f1bff22689962c1ce5f65e012c1117672fdbfe25a
P07-13,Carbon B — Diamond-Rich World,Carbon B — Diamond- Rich World 20.png,Carbon B — Diamond-Rich World,rejected,carbon,diamond-rich,,False,False,False,False,False,False,False,,Material preparation retained excessive unrecoverable darkness or clipped highlights.,False,False,3fb893c8c3cdefad69a94965f51194ee7804a84d98186c451be5e030c35dec5f
P07-14,Carbon B — Diamond-Rich World,Carbon B — Diamond- Rich World 21.png,Carbon B — Diamond-Rich World,accepted,carbon,diamond-rich,,False,False,False,False,False,True,False,,,True,True,0933237854d694d2599d88f6574fde1df2da5dac2ad6c01cce2479234a46422d
P07-15,Carbon B — Diamond-Rich World,Carbon B — Diamond- Rich World 22.png,Carbon B — Diamond-Rich World,rejected,carbon,diamond-rich,,False,False,False,False,False,False,False,,Chrome-like specular hotspots and deep baked shadow cannot provide clean unlit surface color.,False,False,783204761523c3408bd5c9691aa174dfaaef460fd9efe143941cf7fe214b066b
P07-16,Carbon B — Diamond-Rich World,Carbon B — Diamond- Rich World 23.png,Carbon B — Diamond-Rich World,accepted,carbon,diamond-rich,,False,False,False,False,False,True,False,,,True,True,6e5082a9122d41a41d43415269db4c5227d21bf940e28e514f8eb98b6ffddc3e
P07-17,Carbon B — Diamond-Rich World,Carbon B — Diamond- Rich World 24.png,Carbon B — Diamond-Rich World,rejected,carbon,diamond-rich,,False,False,False,False,False,False,False,,Chrome-like specular hotspots and deep baked shadow cannot provide clean unlit surface color.,False,False,0875f3e0ddd46e40b08881a0d9d5cb3258172d515b865ccb8cd7720fa2d22f25
P07-18,Carbon B — Diamond-Rich World,Carbon B — Diamond- Rich World 25.png,Carbon B — Diamond-Rich World,rejected,carbon,diamond-rich,,False,False,False,False,False,not prepared (source excluded),True,,"Earth geography recognizable from Europe/Mediterranean and Africa, despite mineral recoloring.",False,False,bcf7009507ea0f5a042190011b29f11bf7583969b417818e58392ff492266429
P07-19,Carbon B — Diamond-Rich World,Carbon B — Diamond- Rich World 26.png,Carbon B — Diamond-Rich World,accepted,carbon,diamond-rich,,False,False,False,False,False,True,False,,,True,True,cae155b6838c8d214a22d4d1a9027b9d385c10573da86f0767f644ba78083b6c
P07-20,Carbon B — Diamond-Rich World,Carbon B — Diamond- Rich World 3.png,Carbon B — Diamond-Rich World,rejected,carbon,diamond-rich,,False,False,False,False,False,False,False,,Material preparation retained excessive unrecoverable darkness or clipped highlights.,False,False,5cb8a79a79729fc8fd50d538aa47ef02f713f1b3940546110b2fc3bf6bc91e22
P07-21,Carbon B — Diamond-Rich World,Carbon B — Diamond- Rich World 4.png,Carbon B — Diamond-Rich World,accepted,carbon,diamond-rich,,False,False,False,False,False,True,False,,,True,True,c0e30e757a6b3112b1b0a5576c65dbf882420ae0e88f063ccf530c59e853a34f
P07-22,Carbon B — Diamond-Rich World,Carbon B — Diamond- Rich World 5.png,Carbon B — Diamond-Rich World,rejected,carbon,diamond-rich,,False,False,False,False,False,False,False,,Polished globe with visible studio floor/contact and strong glare.,False,False,644843d6cca1f2e6dd48f62cf42d34d0a5a9a10e4c42441b00fd751e2fcbb2c5
P07-23,Carbon B — Diamond-Rich World,Carbon B — Diamond- Rich World 6.png,Carbon B — Diamond-Rich World,rejected,carbon,diamond-rich,,False,False,False,False,False,not prepared (source excluded),True,,Recognizable North and South American coastline combination on recolored Earth globe.,False,False,86d1b1b9f948897e3d2691b65fcb468f32c4bc08098f5538899fe1bbc5b0d46b
P07-24,Carbon B — Diamond-Rich World,Carbon B — Diamond- Rich World 7.png,Carbon B — Diamond-Rich World,rejected,carbon,diamond-rich,,False,False,False,False,False,False,False,,Chrome-like specular hotspots and deep baked shadow cannot provide clean unlit surface color.,False,False,3d6c3bf6c55fb4e5f611cd9111390617f9696ebb4066665767d42d0a0caadf59
P07-25,Carbon B — Diamond-Rich World,Carbon B — Diamond- Rich World 8.png,Carbon B — Diamond-Rich World,rejected,carbon,diamond-rich,,False,False,False,False,False,not prepared (source excluded),True,,"Recognizable Asia, India and Africa on recolored Earth globe.",False,False,b62175708c1e52e1335f38f2b8019e47f5f68c8d347f8b95879a676828bc601f
P07-26,Carbon B — Diamond-Rich World,Carbon B — Diamond- Rich World 9.png,Carbon B — Diamond-Rich World,rejected,carbon,diamond-rich,,False,False,False,False,False,not prepared (source excluded),True,,Closer inspection confirms recognizable Earth-derived continents/coastlines; excluded from alien-world selection.,False,False,5e01446d72c29cbd2ec2c8a788b4a10810bbefeae2cb4dbc4c74d527cca5ff60
P08-01,Carbon C — Carbon Volcanic World,Carbon C — Carbon Volcanic World 1.png,Carbon C — Carbon Volcanic World,rejected,carbon,dormant-carbon-volcanic,,False,False,False,False,False,not prepared (source excluded),False,,Repeated oversized circular formations give an artificial miniature terrain appearance.,False,False,e353a90510006ffa23e70647fb988ce110efaf8079fa61ac0b5d7120f88c08aa
P08-02,Carbon C — Carbon Volcanic World,Carbon C — Carbon Volcanic World 10.png,Carbon C — Carbon Volcanic World,accepted,carbon,dormant-carbon-volcanic,,False,False,False,False,False,True,False,,,True,True,696b24bd0b289f0c2629dbd4aeaa7e55ec5ac63290f061dfba63964a54e7437d
P08-03,Carbon C — Carbon Volcanic World,Carbon C — Carbon Volcanic World 11.png,Carbon C — Carbon Volcanic World,rejected,carbon,dormant-carbon-volcanic,,False,False,False,False,False,False,False,,Material preparation retained excessive unrecoverable darkness or clipped highlights.,False,False,0be48120fe0b4ab79b517b3745909227e3304d5a0ac79f5f017409445b5dafa6
P08-04,Carbon C — Carbon Volcanic World,Carbon C — Carbon Volcanic World 12.png,Carbon C — Carbon Volcanic World,rejected,carbon,dormant-carbon-volcanic,,False,False,False,False,False,False,False,,Material preparation retained excessive unrecoverable darkness or clipped highlights.,False,False,a47ab7ad0df94f6f05323c201d6d8ee6b7391bcea057fd5a10b024b071f7d774
P08-05,Carbon C — Carbon Volcanic World,Carbon C — Carbon Volcanic World 13.png,Carbon C — Carbon Volcanic World,accepted,carbon,dormant-carbon-volcanic,,False,False,False,False,False,True,False,,,True,True,e2084f7e5517eaded38066bd59ebfbbca9ce425d13394dafb897b38f1f758d2b
P08-06,Carbon C — Carbon Volcanic World,Carbon C — Carbon Volcanic World 14.png,Carbon C — Carbon Volcanic World,accepted,carbon,dormant-carbon-volcanic,,False,False,False,False,False,True,False,,,True,True,8bf2069ab150b472dde8408b34b73fc1f08bb88a8bed0d31add3a914012bcabc
P08-07,Carbon C — Carbon Volcanic World,Carbon C — Carbon Volcanic World 15.png,Carbon C — Carbon Volcanic World,accepted,carbon,dormant-carbon-volcanic,,False,False,False,False,False,True,False,,,True,True,dda6ec3f3fe5bf9a663c03d2b879553164862b9b9011dd815fae10180bd6fe34
P08-08,Carbon C — Carbon Volcanic World,Carbon C — Carbon Volcanic World 16.png,Carbon C — Carbon Volcanic World,accepted,carbon,dormant-carbon-volcanic,,False,False,False,False,False,True,False,,,True,True,336b70f3d74ae780257ee97dd4b7ac5662460968180e887b43c9131174dd8a79
P08-09,Carbon C — Carbon Volcanic World,Carbon C — Carbon Volcanic World 17.png,Carbon C — Carbon Volcanic World,rejected,carbon,dormant-carbon-volcanic,,False,False,False,False,False,False,False,,Strong baked hemispheric shadow or localized glossy hotspot.,False,False,3da9883b8c0dadc877c152b51c0ebb5489c7382377854d732cd4f2b6bb8a89fc
P08-10,Carbon C — Carbon Volcanic World,Carbon C — Carbon Volcanic World 18.png,Carbon C — Carbon Volcanic World,rejected,carbon,dormant-carbon-volcanic,,False,False,False,False,False,False,False,,Strong baked hemispheric shadow or localized glossy hotspot.,False,False,5a9de6d89b56932c270a9d5d237f51b1764b610d8312d76125d73d46559a54ef
P08-11,Carbon C — Carbon Volcanic World,Carbon C — Carbon Volcanic World 19.png,Carbon C — Carbon Volcanic World,rejected,carbon,dormant-carbon-volcanic,,False,False,False,False,False,False,False,,Strong baked hemispheric shadow or localized glossy hotspot.,False,False,f6824679fa003af329f8ec3e8b44e3d02c5534e17fe65e19edddc170e6fe8180
P08-12,Carbon C — Carbon Volcanic World,Carbon C — Carbon Volcanic World 2.png,Carbon C — Carbon Volcanic World,rejected,carbon,dormant-carbon-volcanic,,False,False,False,False,False,not prepared (source excluded),False,,Duplicate content of P08-01; no duplicate runtime import. Repeated oversized circular formations give an artificial miniature terrain appearance.,False,False,e353a90510006ffa23e70647fb988ce110efaf8079fa61ac0b5d7120f88c08aa
P08-13,Carbon C — Carbon Volcanic World,Carbon C — Carbon Volcanic World 20.png,Carbon C — Carbon Volcanic World,rejected,carbon,dormant-carbon-volcanic,,False,False,False,False,False,False,False,,Strong baked hemispheric shadow or localized glossy hotspot.,False,False,b8a024d919cf06608bfbad7fe5c9dc919c3c9cbe5adb194a858bde22f0abc6c8
P08-14,Carbon C — Carbon Volcanic World,Carbon C — Carbon Volcanic World 21.png,Carbon C — Carbon Volcanic World,rejected,carbon,dormant-carbon-volcanic,,False,False,False,False,False,False,False,,Strong baked hemispheric shadow or localized glossy hotspot.,False,False,e9bb0f5b0ef5af751a3e08f0eaba506deb1622f64d4c1a1e1f31b329a0c42da8
P08-15,Carbon C — Carbon Volcanic World,Carbon C — Carbon Volcanic World 22.png,Carbon C — Carbon Volcanic World,accepted,carbon,dormant-carbon-volcanic,,False,False,False,False,False,True,False,,,True,True,73f3c95d39bffb51b5548d62c8072ea556f23feeecde3072dde7ed9ce075feea
P08-16,Carbon C — Carbon Volcanic World,Carbon C — Carbon Volcanic World 23.png,Carbon C — Carbon Volcanic World,accepted,carbon,dormant-carbon-volcanic,,False,False,False,False,False,True,False,,,True,True,a06e6a78987380f4bbbe07c26377aa5b2ef659ef31d392a9e0ece83291dc2771
P08-17,Carbon C — Carbon Volcanic World,Carbon C — Carbon Volcanic World 3.png,Carbon C — Carbon Volcanic World,rejected,carbon,dormant-carbon-volcanic,,False,False,False,False,False,False,False,,Cloud-covered blue world with severe baked star-facing glare; not recoverable volcanic albedo.,False,False,40d645cf264f968c23b5ea5940f665877949ba457e622203abc12fe07c4f0e61
P08-18,Carbon C — Carbon Volcanic World,Carbon C — Carbon Volcanic World 4.png,Carbon C — Carbon Volcanic World,rejected,carbon,dormant-carbon-volcanic,,False,False,False,False,False,False,False,,Duplicate content of P08-17; no duplicate runtime import. Cloud-covered blue world with severe baked star-facing glare; not recoverable volcanic albedo.,False,False,40d645cf264f968c23b5ea5940f665877949ba457e622203abc12fe07c4f0e61
P08-19,Carbon C — Carbon Volcanic World,Carbon C — Carbon Volcanic World 5.png,Carbon C — Carbon Volcanic World,accepted,barren,iron-rich-rust,super-earth,False,False,False,False,False,True,False,"Dry rusty crater rock, no active volcanic emission visible.",,True,True,a9b4b754578d87d123e7e2c04d03fbc63308c242da3761c9627ec130a552b0f7
P08-20,Carbon C — Carbon Volcanic World,Carbon C — Carbon Volcanic World 6.png,Carbon C — Carbon Volcanic World,rejected,barren,iron-rich-rust,super-earth,False,False,False,False,False,not prepared (source excluded),False,"Dry rusty crater rock, no active volcanic emission visible.",Duplicate content of P08-19; no duplicate runtime import. ,False,False,a9b4b754578d87d123e7e2c04d03fbc63308c242da3761c9627ec130a552b0f7
P08-21,Carbon C — Carbon Volcanic World,Carbon C — Carbon Volcanic World 7.png,Carbon C — Carbon Volcanic World,accepted,barren,ancient-grey-crater,super-earth,False,False,False,False,False,True,False,"Grey airless cratered surface, no active volcanism visible.",,True,True,d6a6148479a293a308150f9ead0ce5999ea49f1c55aa3fcd2024bd28a5eb299a
P08-22,Carbon C — Carbon Volcanic World,Carbon C — Carbon Volcanic World 8.png,Carbon C — Carbon Volcanic World,accepted,carbon,dormant-carbon-volcanic,,False,False,False,False,False,True,False,,,True,True,465f9b4f3bd9985881fa7b60572b986a667fd760771cbce7b48663dafe522109
P08-23,Carbon C — Carbon Volcanic World,Carbon C — Carbon Volcanic World 9.png,Carbon C — Carbon Volcanic World,accepted,barren,iron-rich-rust,super-earth,False,False,False,False,False,True,False,"Dry rusty crater rock, no active volcanic emission visible.",,True,True,b3df9857622e246cdaebec20afb299a6c5fe3d77a054145fab708362dd3d4a26
P09-01,Cloud A — Cream Cloud World,Cloud A — Cream Cloud World 1.png,Cloud A — Cream Cloud World,accepted,greenhouse,cream-cloud,,True,False,False,False,False,True,False,,,True,True,a9bf6588fe5a92bb30e50e187d53be4dd7a654502db2e9a194af0f9a0db3578a
P09-02,Cloud A — Cream Cloud World,Cloud A — Cream Cloud World 10.png,Cloud A — Cream Cloud World,accepted,greenhouse,cream-cloud,,True,False,False,False,False,True,False,,,True,True,467c1a56ab5b560bfb2a0bdb9986ac7c067fb164efba5c6812c8c0a72f8cde9e
P09-03,Cloud A — Cream Cloud World,Cloud A — Cream Cloud World 11.png,Cloud A — Cream Cloud World,accepted,greenhouse,cream-cloud,,True,False,False,False,False,True,False,,,True,True,21523d76915f4a25acf2486f12d402487771cc02291add195c8e1541085ac7f8
P09-04,Cloud A — Cream Cloud World,Cloud A — Cream Cloud World 12.png,Cloud A — Cream Cloud World,accepted,greenhouse,cream-cloud,,True,False,False,False,False,True,False,,,True,True,ecdd363def211f73802e8e7d9c938587ce30fce0fb9b5a13e6c84354b4ad8588
P09-05,Cloud A — Cream Cloud World,Cloud A — Cream Cloud World 13.png,Cloud A — Cream Cloud World,accepted,greenhouse,cream-cloud,,True,False,False,False,False,True,False,,,True,True,d8ce5a5c679904a2699a09292ca003e567e44ccc4fba1b3dd738d21aa33f480c
P09-06,Cloud A — Cream Cloud World,Cloud A — Cream Cloud World 14.png,Cloud A — Cream Cloud World,rejected,greenhouse,cream-cloud,,True,False,False,False,False,not prepared (source excluded),False,,Decorative cracked marble pattern is not a plausible atmospheric cloud layer.,False,False,5da31f4801540ebecc4455c1655e66c990655c426232e95ad1b3010a9a8166ab
P09-07,Cloud A — Cream Cloud World,Cloud A — Cream Cloud World 15.png,Cloud A — Cream Cloud World,accepted,greenhouse,cream-cloud,,True,False,False,False,False,True,False,,,True,True,4c6b87128bdafd8715478e4e1e1481dc3ab269ce8ab60c9ba54d2eac83d7379a
P09-08,Cloud A — Cream Cloud World,Cloud A — Cream Cloud World 16.png,Cloud A — Cream Cloud World,accepted,greenhouse,cream-cloud,,True,False,False,False,False,True,False,,,True,True,ecaa352203d493e9a85e5395ec715933418825aec14113d0e83d7a4a88fa86e0
P09-09,Cloud A — Cream Cloud World,Cloud A — Cream Cloud World 17.png,Cloud A — Cream Cloud World,accepted,greenhouse,cream-cloud,,True,False,False,False,False,True,False,,,True,True,18dc26effb8c2729cc078383b892630d3857e96ae251a52f409bf4dfd972164e
P09-10,Cloud A — Cream Cloud World,Cloud A — Cream Cloud World 18.png,Cloud A — Cream Cloud World,accepted,greenhouse,cream-cloud,,True,False,False,False,False,True,False,,,True,True,3f56d66efd9c4abe58bde3bea25911d93c04a217edc6c79a773a10922c5fc2d3
P09-11,Cloud A — Cream Cloud World,Cloud A — Cream Cloud World 19.png,Cloud A — Cream Cloud World,accepted,greenhouse,cream-cloud,,True,False,False,False,False,True,False,,,True,True,b7d56ec424758d55b98aac29fea09c7182a8042c3368ac11bd7fb42aee5b0764
P09-12,Cloud A — Cream Cloud World,Cloud A — Cream Cloud World 2.png,Cloud A — Cream Cloud World,accepted,gas-giant,cream-cloud-giant,,True,False,False,False,False,True,False,Continuous latitudinal atmospheric bands identify a gaseous envelope.,,True,True,7a54ffd6b4d3ae3ee4525bcabcd454af4a9053895894f8a5ff2c0b5e883ce24b
P09-13,Cloud A — Cream Cloud World,Cloud A — Cream Cloud World 20.png,Cloud A — Cream Cloud World,accepted,greenhouse,cream-cloud,,True,False,False,False,False,True,False,,,True,True,ad24b5481be21240768a1e3105d01facac4b7ab37f10dd70701dd9202c441194
P09-14,Cloud A — Cream Cloud World,Cloud A — Cream Cloud World 21.png,Cloud A — Cream Cloud World,accepted,greenhouse,cream-cloud,,True,False,False,False,False,True,False,,,True,True,97d88523802f4ba9221dcc7c5a31493b9c0acac4d4fcf2436bd97fd27efd3d03
P09-15,Cloud A — Cream Cloud World,Cloud A — Cream Cloud World 22.png,Cloud A — Cream Cloud World,accepted,greenhouse,cream-cloud,,True,False,False,False,False,True,False,,,True,True,201e269daad80cbfd0669f115a2aacf5bd60de0b060f1e84f884deb13c688f3a
P09-16,Cloud A — Cream Cloud World,Cloud A — Cream Cloud World 23.png,Cloud A — Cream Cloud World,accepted,greenhouse,cream-cloud,,True,False,False,False,False,True,False,,,True,True,220086410b5bee464e042d99e2de73df1bc5f096c7709f6d0ff495c639aece30
P09-17,Cloud A — Cream Cloud World,Cloud A — Cream Cloud World 24.png,Cloud A — Cream Cloud World,accepted,greenhouse,cream-cloud,,True,False,False,False,False,True,False,,,True,True,8c733b2d8068d7612fd548d9e26d79a36076a727326c8f0c4fc60928b9604f78
P09-18,Cloud A — Cream Cloud World,Cloud A — Cream Cloud World 25.png,Cloud A — Cream Cloud World,accepted,greenhouse,cream-cloud,,True,False,False,False,False,True,False,,,True,True,081e5f1e8722cd3b2c16e9471a5b00856594147701732b12fbaf5066818671a8
P09-19,Cloud A — Cream Cloud World,Cloud A — Cream Cloud World 26.png,Cloud A — Cream Cloud World,rejected,greenhouse,cream-cloud,,True,False,False,False,False,False,False,,Baked colored directional highlight remains visible at western rotation.,True,True,eef7715e059c317fd1c60af05dc62bccea01d7de396d6fd2e58e2ae600652bf2
P09-20,Cloud A — Cream Cloud World,Cloud A — Cream Cloud World 27.png,Cloud A — Cream Cloud World,rejected,greenhouse,cream-cloud,,True,False,False,False,False,False,False,,Baked colored directional highlight remains visible at western rotation.,True,True,b70de0f475d7e44fb4db97e7fc65055bcce90dc4dcc60e77437f1b8f06b5f1ab
P09-21,Cloud A — Cream Cloud World,Cloud A — Cream Cloud World 28.png,Cloud A — Cream Cloud World,accepted,greenhouse,cream-cloud,,True,False,False,False,False,True,False,,,True,True,3505cc7304d64000f3fc18c94054ead33ed75d47de30b3761146bc1f5de39890
P09-22,Cloud A — Cream Cloud World,Cloud A — Cream Cloud World 3.png,Cloud A — Cream Cloud World,accepted,gas-giant,cream-cloud-giant,,True,False,False,False,False,True,False,Continuous latitudinal atmospheric bands identify a gaseous envelope.,,True,True,8e9c564a0e2e6e95321d8e215a6b4b4e9fdd1d888121a7ab7d182b2f634cd381
P09-23,Cloud A — Cream Cloud World,Cloud A — Cream Cloud World 4.png,Cloud A — Cream Cloud World,accepted,greenhouse,cream-cloud,,True,False,False,False,False,True,False,,,True,True,a333ef591150ea8b7b2fedf9d3c9718a15ef0c9ce97ff207b6e9063a1ba9b41e
P09-24,Cloud A — Cream Cloud World,Cloud A — Cream Cloud World 5.png,Cloud A — Cream Cloud World,accepted,greenhouse,cream-cloud,,True,False,False,False,False,True,False,,,True,True,0be722e3849c302d71108cded3ddf3ad726fa05ee38604a8bcc57667ff550ca5
P09-25,Cloud A — Cream Cloud World,Cloud A — Cream Cloud World 6.png,Cloud A — Cream Cloud World,rejected,greenhouse,cream-cloud,,True,False,False,False,False,False,False,,Baked colored directional highlight remains visible at western rotation.,True,True,e06d6116183704498a5ceb27ee6c3c623ba1ef8bea6c6142dc4d66f4e56741d6
P09-26,Cloud A — Cream Cloud World,Cloud A — Cream Cloud World 7.png,Cloud A — Cream Cloud World,accepted,greenhouse,cream-cloud,,True,False,False,False,False,True,False,,,True,True,d42e589d31a72a17dfa668df64403837e4503a24a796d39a71689afa63c44fe3
P09-27,Cloud A — Cream Cloud World,Cloud A — Cream Cloud World 8.png,Cloud A — Cream Cloud World,accepted,greenhouse,cream-cloud,,True,False,False,False,False,True,False,,,True,True,64a5550cc4d574eb2bcf008414136ceb5757a3227cacbfac0583de14381add26
P09-28,Cloud A — Cream Cloud World,Cloud A — Cream Cloud World 9.png,Cloud A — Cream Cloud World,accepted,greenhouse,cream-cloud,,True,False,False,False,False,True,False,,,True,True,2fb14c3509c82823453c8e9087d29d49d23759fba3bc87b485f576b308b99b65
P10-01,Cloud B — Amber Cloud World,Cloud B — Amber Cloud World 1.png,Cloud B — Amber Cloud World,accepted,greenhouse,amber-cloud,,True,False,False,False,False,True,False,,,True,True,b49017c325b588e623c669c7f0a4c6f3582796ef78a053b738ec2331f51569f0
P10-02,Cloud B — Amber Cloud World,Cloud B — Amber Cloud World 10.png,Cloud B — Amber Cloud World,accepted,gas-giant,amber-cloud,,True,False,False,False,False,True,False,Continuous broad cloud bands and vortices; no exposed terrestrial surface.,,True,True,3d268f739d15dee359d5d733ca1e31afeb4a5633710e44e42f56fdac38198814
P10-03,Cloud B — Amber Cloud World,Cloud B — Amber Cloud World 11.png,Cloud B — Amber Cloud World,accepted,gas-giant,amber-cloud,,True,False,False,False,False,True,False,Continuous broad cloud bands and vortices; no exposed terrestrial surface.,,True,True,3946519834b5ac1a90917d7722e9f8243eef2d6a94266cfbae7dfb4e4d73f10b
P10-04,Cloud B — Amber Cloud World,Cloud B — Amber Cloud World 12.png,Cloud B — Amber Cloud World,accepted,gas-giant,amber-cloud,,True,False,False,False,False,True,False,Continuous broad cloud bands and vortices; no exposed terrestrial surface.,,True,True,63c5e4f3a34a51e4ced3ab70321f52170511a02500d699127069ad4a4be64110
P10-05,Cloud B — Amber Cloud World,Cloud B — Amber Cloud World 13.png,Cloud B — Amber Cloud World,accepted,gas-giant,amber-cloud,,True,False,False,False,False,True,False,Continuous broad cloud bands and vortices; no exposed terrestrial surface.,,True,True,6228c514619ca5c10bcb6949267c523058e8414274777d7b83865022c21f343a
P10-06,Cloud B — Amber Cloud World,Cloud B — Amber Cloud World 14.png,Cloud B — Amber Cloud World,accepted,gas-giant,amber-cloud,,True,False,False,False,False,True,False,Continuous broad cloud bands and vortices; no exposed terrestrial surface.,,True,True,628349ae77d40f118718ef478f249cfd956ffdbd9eba9344145e508a99bc2076
P10-07,Cloud B — Amber Cloud World,Cloud B — Amber Cloud World 15.png,Cloud B — Amber Cloud World,accepted,gas-giant,amber-cloud,,True,False,False,False,False,True,False,Continuous broad cloud bands and vortices; no exposed terrestrial surface.,,True,True,f1b35785db5b5953bf5a8f81afaa607fc34f64e8ae976a82033fe88202a9a422
P10-08,Cloud B — Amber Cloud World,Cloud B — Amber Cloud World 16.png,Cloud B — Amber Cloud World,rejected,greenhouse,amber-cloud,,True,False,False,False,False,False,False,,Baked point-like white glossy highlight in atmospheric bands.,False,False,65073b70aa22b5d8179d6ead2473d8800d5312d95a7654e92edb0fe8abe796bf
P10-09,Cloud B — Amber Cloud World,Cloud B — Amber Cloud World 17.png,Cloud B — Amber Cloud World,accepted,gas-giant,amber-cloud,,True,False,False,False,False,True,False,Continuous broad cloud bands and vortices; no exposed terrestrial surface.,,True,True,e07b9a3731508910962298ac7eae4f3789a7b0efa2c35b2f77528e60e6a4c52b
P10-10,Cloud B — Amber Cloud World,Cloud B — Amber Cloud World 18.png,Cloud B — Amber Cloud World,accepted,gas-giant,amber-cloud,,True,False,False,False,False,True,False,Continuous broad cloud bands and vortices; no exposed terrestrial surface.,,True,True,064c7d07ed0fbe7e0478209872ea924c474ac097991976d9eafbafb32cbe01bc
P10-11,Cloud B — Amber Cloud World,Cloud B — Amber Cloud World 19.png,Cloud B — Amber Cloud World,accepted,gas-giant,amber-cloud,,True,False,False,False,False,True,False,Continuous broad cloud bands and vortices; no exposed terrestrial surface.,,True,True,b92c780ef1caff94b9936f6445ddbd011b130ad9a5c1abea4c6fa406741570ae
P10-12,Cloud B — Amber Cloud World,Cloud B — Amber Cloud World 2.png,Cloud B — Amber Cloud World,accepted,gas-giant,amber-cloud,,True,False,False,False,False,True,False,Continuous broad cloud bands and vortices; no exposed terrestrial surface.,,True,True,9d059288c4730013e63370be83692cfcb24f0892a5440b20ef3deff44381570e
P10-13,Cloud B — Amber Cloud World,Cloud B — Amber Cloud World 20.png,Cloud B — Amber Cloud World,accepted,greenhouse,amber-cloud,,True,False,False,False,False,True,False,,,True,True,4ff7d9f79e91a04c3259c470eb34cbdf71d1cf78c9e70c35fe26cece9de89463
P10-14,Cloud B — Amber Cloud World,Cloud B — Amber Cloud World 21.png,Cloud B — Amber Cloud World,rejected,greenhouse,amber-cloud,,True,False,False,False,False,not prepared (source excluded),False,,Decorative repetitive fine marble linework rather than plausible global atmospheric structure.,False,False,a6ab977ec14fea4aeaede4bf1b4448ca2a1207274e93b3bb7b06ca3d3b3c848c
P10-15,Cloud B — Amber Cloud World,Cloud B — Amber Cloud World 22.png,Cloud B — Amber Cloud World,accepted,gas-giant,amber-cloud,,True,False,False,False,False,True,False,Continuous broad cloud bands and vortices; no exposed terrestrial surface.,,True,True,d87289a8a51224879ea5e2f731c364d4d331b8190b02a8734170fdd613e93707
P10-16,Cloud B — Amber Cloud World,Cloud B — Amber Cloud World 23.png,Cloud B — Amber Cloud World,accepted,gas-giant,amber-cloud,,True,False,False,False,False,True,False,Continuous broad cloud bands and vortices; no exposed terrestrial surface.,,True,True,996739b24f131e0d3f7731c14c52eb8b848be279cf8ed944f3c3b657160f8165
P10-17,Cloud B — Amber Cloud World,Cloud B — Amber Cloud World 24.png,Cloud B — Amber Cloud World,accepted,greenhouse,amber-cloud,,True,False,False,False,False,True,False,,,True,True,e071fa8ca8d880cd0750d12e4147927fc6567a1ef060ce29e061058ab2f10fbd
P10-18,Cloud B — Amber Cloud World,Cloud B — Amber Cloud World 25.png,Cloud B — Amber Cloud World,accepted,greenhouse,amber-cloud,,True,False,False,False,False,True,False,,,True,True,33cc9afa9ba0ac078b11b4ff97a587d1329e17bccd3b41eff0fb11dc91decb7e
P10-19,Cloud B — Amber Cloud World,Cloud B — Amber Cloud World 26.png,Cloud B — Amber Cloud World,accepted,gas-giant,amber-cloud,,True,False,False,False,False,True,False,Continuous broad cloud bands and vortices; no exposed terrestrial surface.,,True,True,c4ddd31187ad88e466f21ca0f414cc771cf0775a3824ca00dabef44b697f0a5a
P10-20,Cloud B — Amber Cloud World,Cloud B — Amber Cloud World 3.png,Cloud B — Amber Cloud World,accepted,greenhouse,amber-cloud,,True,False,False,False,False,True,False,,,True,True,6f518f6a7ae7c25a42bf43c6a815ad33c295a844c862508c0632776d3406770f
P10-21,Cloud B — Amber Cloud World,Cloud B — Amber Cloud World 4.png,Cloud B — Amber Cloud World,accepted,gas-giant,amber-cloud,,True,False,False,False,False,True,False,Continuous broad cloud bands and vortices; no exposed terrestrial surface.,,True,True,5ef07be6ce8dbd572963211ece8bd70cf383d2257fddd0e78815a0f1de6a87fd
P10-22,Cloud B — Amber Cloud World,Cloud B — Amber Cloud World 5.png,Cloud B — Amber Cloud World,accepted,gas-giant,amber-cloud,,True,False,False,False,False,True,False,Continuous broad cloud bands and vortices; no exposed terrestrial surface.,,True,True,0b297002e4dcac9cd269ac56c7420670c502d01cf025f88143b31ea7bed33c21
P10-23,Cloud B — Amber Cloud World,Cloud B — Amber Cloud World 6.png,Cloud B — Amber Cloud World,accepted,gas-giant,amber-cloud,,True,False,False,False,False,True,False,Continuous broad cloud bands and vortices; no exposed terrestrial surface.,,True,True,ab27f5261341d5cc834e7b0540dbfd0fb9d9b8b1e5374c503b5da9c7a82d8350
P10-24,Cloud B — Amber Cloud World,Cloud B — Amber Cloud World 7.png,Cloud B — Amber Cloud World,accepted,gas-giant,amber-cloud,,True,False,False,False,False,True,False,Continuous broad cloud bands and vortices; no exposed terrestrial surface.,,True,True,5f691e7bc25003e8c873260d5bf3117e12d4059b580181f593fe275e4e33b79b
P10-25,Cloud B — Amber Cloud World,Cloud B — Amber Cloud World 8.png,Cloud B — Amber Cloud World,accepted,gas-giant,amber-cloud,,True,False,False,False,False,True,False,Continuous broad cloud bands and vortices; no exposed terrestrial surface.,,True,True,ed6c9f96a8ee7ac88f45642b9aa6aeb29e40733e4c3b5559d5a38a54d11349a3
P10-26,Cloud B — Amber Cloud World,Cloud B — Amber Cloud World 9.png,Cloud B — Amber Cloud World,accepted,gas-giant,amber-cloud,,True,False,False,False,False,True,False,Continuous broad cloud bands and vortices; no exposed terrestrial surface.,,True,True,fe3a9295967c36a98d8b7f0774a52cb26a1fc3225ec5115abd8bce87585c6ab8
P11-01,Cloud C — Lavender Cloud World,Cloud C — Lavender Cloud World 1.png,Cloud C — Lavender Cloud World,accepted,gas-giant,lavender-cloud-giant,,True,False,False,False,False,True,False,,,True,True,2dffcaca1e74ffa08e48f68ef8233db216a674b1bf4e83410ef8d5b3f1cf8fa9
P11-02,Cloud C — Lavender Cloud World,Cloud C — Lavender Cloud World 10.png,Cloud C — Lavender Cloud World,accepted,gas-giant,lavender-cloud-giant,,True,False,False,False,False,True,False,,,True,True,e4ec3fd7a1c4e84e46813cadcc196695d7d5f5c1eeb4bbf46539186ce4e72bb0
P11-03,Cloud C — Lavender Cloud World,Cloud C — Lavender Cloud World 11.png,Cloud C — Lavender Cloud World,accepted,gas-giant,lavender-cloud-giant,,True,False,False,False,False,True,False,,,True,True,ed94661530b64303f21925613874662bf8fa0e65792c6f14f4f5642b1c1e8ae4
P11-04,Cloud C — Lavender Cloud World,Cloud C — Lavender Cloud World 12.png,Cloud C — Lavender Cloud World,accepted,gas-giant,lavender-cloud-giant,,True,False,False,False,False,True,False,,,True,True,b573a10bf1bf2fb2654572b823d7f995a116a40fa76d7307c0fa0359a6ef3458
P11-05,Cloud C — Lavender Cloud World,Cloud C — Lavender Cloud World 13.png,Cloud C — Lavender Cloud World,accepted,gas-giant,lavender-cloud-giant,,True,False,False,False,False,True,False,,,True,True,fd6e481991357aa580a99089f799381ad78e345ff2e3e59785cb6171601b84e5
P11-06,Cloud C — Lavender Cloud World,Cloud C — Lavender Cloud World 14.png,Cloud C — Lavender Cloud World,accepted,gas-giant,lavender-cloud-giant,,True,False,False,False,False,True,False,,,True,True,4dc37dd11afd7310cee09c3da3ca37c6520597b5c5c6afb344f142b2131745f0
P11-07,Cloud C — Lavender Cloud World,Cloud C — Lavender Cloud World 15.png,Cloud C — Lavender Cloud World,accepted,gas-giant,lavender-cloud-giant,,True,False,False,False,False,True,False,,,True,True,953b134a070c796bb280718f149bb671aa9a08e5178636f62408a4100213258d
P11-08,Cloud C — Lavender Cloud World,Cloud C — Lavender Cloud World 16.png,Cloud C — Lavender Cloud World,accepted,gas-giant,lavender-cloud-giant,,True,False,False,False,False,True,False,,,True,True,04afa2fc47405975efd8865aead94ec4d05afd006d9226f8c9bdbd0ed7d81102
P11-09,Cloud C — Lavender Cloud World,Cloud C — Lavender Cloud World 17.png,Cloud C — Lavender Cloud World,accepted,gas-giant,lavender-cloud-giant,,True,False,False,False,False,True,False,,,True,True,3895a07b88b4f1b090f23e12e1553266396df420760aac12f243001d762e9e32
P11-10,Cloud C — Lavender Cloud World,Cloud C — Lavender Cloud World 18.png,Cloud C — Lavender Cloud World,accepted,gas-giant,lavender-cloud-giant,,True,False,False,False,False,True,False,,,True,True,5cda9ed323d961acba31dc546f41fed999b66a9c7178016a4b982ea681e255e4
P11-11,Cloud C — Lavender Cloud World,Cloud C — Lavender Cloud World 19.png,Cloud C — Lavender Cloud World,accepted,gas-giant,lavender-cloud-giant,,True,False,False,False,False,True,False,,,True,True,ca6e1f7a320c3571b334da8b8e5979e3ad51dd8fb03ca205dc8c0831a8db9599
P11-12,Cloud C — Lavender Cloud World,Cloud C — Lavender Cloud World 2.png,Cloud C — Lavender Cloud World,rejected,gas-giant,lavender-cloud-giant,,True,False,False,False,False,not prepared (source excluded),False,,Strong neon cyan/pink stylization does not match realistic planetary material intent.,False,False,80cbecc11cf4397d72dd367cb69d009b46d3c0a14c78b8e6a95af8a94a641236
P11-13,Cloud C — Lavender Cloud World,Cloud C — Lavender Cloud World 20.png,Cloud C — Lavender Cloud World,accepted,gas-giant,lavender-cloud-giant,,True,False,False,False,False,True,False,,,True,True,deb33496ed41ebb42b06aaf1c3572350830e8bdb89b6758a04e3964763ca6469
P11-14,Cloud C — Lavender Cloud World,Cloud C — Lavender Cloud World 21.png,Cloud C — Lavender Cloud World,accepted,gas-giant,lavender-cloud-giant,,True,False,False,False,False,True,False,,,True,True,69bd99157a138f79ab1748a8c5b1c9aaad67acf19e770bd4424179c281938796
P11-15,Cloud C — Lavender Cloud World,Cloud C — Lavender Cloud World 22.png,Cloud C — Lavender Cloud World,accepted,gas-giant,lavender-cloud-giant,,True,False,False,False,False,True,False,,,True,True,37a6d1031097a664e335457f9b8fc4248f08f22f6f835b1a504d4af04465651a
P11-16,Cloud C — Lavender Cloud World,Cloud C — Lavender Cloud World 23.png,Cloud C — Lavender Cloud World,accepted,gas-giant,lavender-cloud-giant,,True,False,False,False,False,True,False,,,True,True,947b9dbb264147d130127549cb7dd45cbdcb64d875d70b39f356d88a7cc01d61
P11-17,Cloud C — Lavender Cloud World,Cloud C — Lavender Cloud World 24.png,Cloud C — Lavender Cloud World,accepted,gas-giant,lavender-cloud-giant,,True,False,False,False,False,True,False,,,True,True,c7955c0ce13325f1ba679b45c14c85903795c4efec2ee311e6871538caa0f8ff
P11-18,Cloud C — Lavender Cloud World,Cloud C — Lavender Cloud World 25.png,Cloud C — Lavender Cloud World,accepted,gas-giant,lavender-cloud-giant,,True,False,False,False,False,True,False,,,True,True,eb5b8e0dbed56cfd8c9d7523034b808baf52800dbf1a4beb5de280c2fdea7c50
P11-19,Cloud C — Lavender Cloud World,Cloud C — Lavender Cloud World 26.png,Cloud C — Lavender Cloud World,accepted,gas-giant,lavender-cloud-giant,,True,False,False,False,False,True,False,,,True,True,9f781df651986a81ec109c2b17d1a76b15f1f586eef3de400396e866d8a0f8d6
P11-20,Cloud C — Lavender Cloud World,Cloud C — Lavender Cloud World 3.png,Cloud C — Lavender Cloud World,accepted,gas-giant,lavender-cloud-giant,,True,False,False,False,False,True,False,,,True,True,591bb81e1614a2730cec543e84b482b0fdf0be6e579f40748e696b57e1c43775
P11-21,Cloud C — Lavender Cloud World,Cloud C — Lavender Cloud World 4.png,Cloud C — Lavender Cloud World,accepted,gas-giant,lavender-cloud-giant,,True,False,False,False,False,True,False,,,True,True,57a6142ae3da5c7bfc81e426725479ec18633f6856a9543e64be9714a9dd680b
P11-22,Cloud C — Lavender Cloud World,Cloud C — Lavender Cloud World 5.png,Cloud C — Lavender Cloud World,accepted,gas-giant,lavender-cloud-giant,,True,False,False,False,False,True,False,,,True,True,feeb49d27a729b02a9c124d5049f2de0cba64732924ebb9d94e38e74a69c8e67
P11-23,Cloud C — Lavender Cloud World,Cloud C — Lavender Cloud World 6.png,Cloud C — Lavender Cloud World,accepted,gas-giant,lavender-cloud-giant,,True,False,False,False,False,True,False,,,True,True,9c4645adf00a7d7703e54df298be7172b3f7c09fdb288d414e181278579c3a5e
P11-24,Cloud C — Lavender Cloud World,Cloud C — Lavender Cloud World 7.png,Cloud C — Lavender Cloud World,accepted,gas-giant,lavender-cloud-giant,,True,False,False,False,False,True,False,,,True,True,40dea1af61cf91900c69dcd5c821c97c72b938791c79fb544938dfffca24cf0b
P11-25,Cloud C — Lavender Cloud World,Cloud C — Lavender Cloud World 8.png,Cloud C — Lavender Cloud World,accepted,gas-giant,lavender-cloud-giant,,True,False,False,False,False,True,False,,,True,True,69e539aab687d6cd9e62a7788f4ff69f973ab4b165afcef4c2a9a24746c88e0e
P11-26,Cloud C — Lavender Cloud World,Cloud C — Lavender Cloud World 9.png,Cloud C — Lavender Cloud World,rejected,gas-giant,lavender-cloud-giant,,True,False,False,False,False,False,False,,Localized hard white specular highlight baked into cloud envelope.,False,False,77a236a0e434795d997afd764b61c5918ba40407d89455cda9418740e1309da2
P12-01,Desert A — Golden Dune World,Desert A — Golden Dune World 1.png,Desert A — Golden Dune World,rejected,desert,golden-dune,super-earth; barren,some haze,False,False,False,False,not prepared (source excluded),False,,Duplicate content of P05-23; no duplicate runtime import. ,False,False,2c93c7f6ec3840807cdeb2de92b29d7dfb56174f0f080527628bddedf8b50b12
P12-02,Desert A — Golden Dune World,Desert A — Golden Dune World 10.png,Desert A — Golden Dune World,accepted,desert,golden-dune,super-earth; barren,some haze,False,False,False,False,True,False,,,True,True,6328b24be12bcba7bffae98c3440b765fab222eb9c2a9776aa077a289582ab33
P12-03,Desert A — Golden Dune World,Desert A — Golden Dune World 11.png,Desert A — Golden Dune World,accepted,desert,golden-dune,super-earth; barren,some haze,False,False,False,False,True,False,,,True,True,7fe7cb405cf69bf2479aa5cb2ab33e729ca76843adff2794c362e454a33450f6
P12-04,Desert A — Golden Dune World,Desert A — Golden Dune World 12.png,Desert A — Golden Dune World,accepted,desert,golden-dune,super-earth; barren,some haze,False,False,False,False,True,False,,,True,True,3712eb63c96bcbc9c24e8c66c3df344536ec1bc62082bd707f5622cf23ac39bd
P12-05,Desert A — Golden Dune World,Desert A — Golden Dune World 13.png,Desert A — Golden Dune World,accepted,desert,golden-dune,super-earth; barren,some haze,False,False,False,False,True,False,,,True,True,544b0087bc817a1a62a5b7475a5d4a96f1f645f0223f28d306917bfca346cc83
P12-06,Desert A — Golden Dune World,Desert A — Golden Dune World 14.png,Desert A — Golden Dune World,accepted,desert,golden-dune,super-earth; barren,some haze,False,False,False,False,True,False,,,True,True,a1850b10f6f9d3bd0c654f6b562b4a2dbde53eac02301d25e81e2a6ea1f11bf7
P12-07,Desert A — Golden Dune World,Desert A — Golden Dune World 15.png,Desert A — Golden Dune World,accepted,desert,golden-dune,super-earth; barren,some haze,False,False,False,False,True,False,,,True,True,59d1f8b5ef91a5cadf7a03dc919f2d7b673af07399947a0603777fa8da44a256
P12-08,Desert A — Golden Dune World,Desert A — Golden Dune World 16.png,Desert A — Golden Dune World,accepted,desert,golden-dune,super-earth; barren,some haze,False,False,False,False,True,False,,,True,True,59c67df8c3fc8314a60103078ed2aba0d458ba35197a2df9ea8c3089bf0ad5a7
P12-09,Desert A — Golden Dune World,Desert A — Golden Dune World 17.png,Desert A — Golden Dune World,accepted,desert,golden-dune,super-earth; barren,some haze,False,False,False,False,True,False,,,True,True,e3540537941af1e41e360e49fb9646470e7dbc15c950eb0b801c6ba57beaaba4
P12-10,Desert A — Golden Dune World,Desert A — Golden Dune World 18.png,Desert A — Golden Dune World,accepted,desert,golden-dune,super-earth; barren,some haze,False,False,False,False,True,False,,,True,True,39451dd71399bdbe16b153ca3bf7aaadc936a5108dc898ca2bc463e4eb32471e
P12-11,Desert A — Golden Dune World,Desert A — Golden Dune World 19.png,Desert A — Golden Dune World,accepted,desert,golden-dune,super-earth; barren,some haze,False,False,False,False,True,False,,,True,True,02f38a2c48d902fc44d07fdbb67df42e7143bed78b89672984ac745d7ca26be4
P12-12,Desert A — Golden Dune World,Desert A — Golden Dune World 2.png,Desert A — Golden Dune World,rejected,desert,golden-dune,super-earth; barren,some haze,False,False,False,False,not prepared (source excluded),False,,Duplicate content of P05-24; no duplicate runtime import. ,False,False,4cd1f3ff322b49d79434b8956da79cc34a48bdcbbc48aa4401811e03bd60d820
P12-13,Desert A — Golden Dune World,Desert A — Golden Dune World 20.png,Desert A — Golden Dune World,accepted,desert,golden-dune,super-earth; barren,some haze,False,False,False,False,True,False,,,True,True,03cce990239a685fe1162cbb0bcc78c1e6352200a31702924b6aaa4076e844da
P12-14,Desert A — Golden Dune World,Desert A — Golden Dune World 3.png,Desert A — Golden Dune World,rejected,desert,golden-dune,super-earth; barren,some haze,False,False,False,False,not prepared (source excluded),False,,Duplicate content of P05-25; no duplicate runtime import. ,False,False,453c1bee35927501ca4ca36091e769491c463033b987dc158bf445ca30c1a6ba
P12-15,Desert A — Golden Dune World,Desert A — Golden Dune World 4.png,Desert A — Golden Dune World,rejected,desert,golden-dune,super-earth; barren,some haze,False,False,False,False,False,False,,Directional bright/dark limb strip or colored glare remains attached to the surface during rotation.,True,True,85923111fb667afc8c5e5ec36b905f84055936fb8e860b2f01b6be1b6beeedec
P12-16,Desert A — Golden Dune World,Desert A — Golden Dune World 5.png,Desert A — Golden Dune World,rejected,desert,golden-dune,super-earth; barren,some haze,False,False,False,False,False,False,,Directional bright/dark limb strip or colored glare remains attached to the surface during rotation.,True,True,73effd5730a26bcf884191e2d648220ef7fb32327bc93801e9a835f8468a9738
P12-17,Desert A — Golden Dune World,Desert A — Golden Dune World 6.png,Desert A — Golden Dune World,rejected,desert,golden-dune,super-earth; barren,some haze,False,False,False,False,not prepared (source excluded),False,,Strong near-black lower/right baked hemisphere loses albedo detail.,False,False,192115edf5dac121260e6dd5664d63252c70eceddc0c6558a835c5a8a526e9cf
P12-18,Desert A — Golden Dune World,Desert A — Golden Dune World 7.png,Desert A — Golden Dune World,rejected,greenhouse,cream-cloud,,some haze,False,False,False,False,False,False,Opaque cream cloud envelope conceals terrain; not an exposed dune surface.,Directional bright/dark limb strip or colored glare remains attached to the surface during rotation.,True,True,f414b4ee369fbea38504bbbfed55fe36f19f563f3c107391f251a2a124fbcc2f
P12-19,Desert A — Golden Dune World,Desert A — Golden Dune World 8.png,Desert A — Golden Dune World,accepted,desert,white-salt,super-earth; barren,some haze,False,False,False,False,True,False,Pale salt/mineral basins dominate over golden dunes.,,True,True,8fc1c7932c2a185aaf8e216e952e17bea208536942007de9318b32b7f1aa00aa
P12-20,Desert A — Golden Dune World,Desert A — Golden Dune World 9.png,Desert A — Golden Dune World,rejected,desert,white-salt,super-earth; barren,some haze,False,False,False,False,False,False,Pale salt/mineral basins dominate over golden dunes.,Directional bright/dark limb strip or colored glare remains attached to the surface during rotation.,True,True,08a3362522a37d2990b0fd32a147b7700d8a34336b3ea469f4dfc5870216e5cb
P13-01,Desert B — Red Canyon World,Desert B — Red Canyon World 20.png,Desert B — Red Canyon World,accepted,desert,red-canyon,super-earth; barren,some haze,False,False,False,False,True,False,,,True,True,1ae3442b0438b52aab8c4e4f4b91e82440999cfdcf163a7c00e30617cf617c38
P13-02,Desert B — Red Canyon World,Desert B — Red Canyon World 21.png,Desert B — Red Canyon World,accepted,desert,red-canyon,super-earth; barren,some haze,False,False,False,False,True,False,,,True,True,eb100aeae87c81f09101da99bdbaa86b3674e9477fccbabda1f85a4ba4f0eddd
P13-03,Desert B — Red Canyon World,Desert B — Red Canyon World 22.png,Desert B — Red Canyon World,accepted,desert,red-canyon,super-earth; barren,some haze,False,False,False,False,True,False,,,True,True,2270ac436d50c632974b651f6d0faae4dc5b04045721f497959dbabf8fda64e6
P13-04,Desert B — Red Canyon World,Desert B — Red Canyon World 23.png,Desert B — Red Canyon World,accepted,desert,red-canyon,super-earth; barren,some haze,False,False,False,False,True,False,,,True,True,3e4140289bc237d423cf4ac1dfda4e52a891f32648c12f7c6606904ea2ef5853
P13-05,Desert B — Red Canyon World,Desert B — Red Canyon World 24.png,Desert B — Red Canyon World,accepted,desert,red-canyon,super-earth; barren,some haze,False,False,False,False,True,False,,,True,True,316d9edb0e787f24505c80e6fa727b62a37bb03fa76748127bacd0a1a59b79a4
P13-06,Desert B — Red Canyon World,Desert B — Red Canyon World 25.png,Desert B — Red Canyon World,accepted,desert,red-canyon,super-earth; barren,some haze,False,False,False,False,True,False,,,True,True,c8eab7cabdd195881fbe11b551d934b055774ab93743ae5a0cae9bf0b6c368d5
P13-07,Desert B — Red Canyon World,Desert B — Red Canyon World 26.png,Desert B — Red Canyon World,rejected,desert,red-canyon,super-earth; barren,some haze,False,False,False,False,False,False,,Directional bright/dark limb strip or colored glare remains attached to the surface during rotation.,True,True,4547d5f746cf28163449909f11234363f33f6ee17fc026906122a590cd77af12
P13-08,Desert B — Red Canyon World,Desert B — Red Canyon World 27.png,Desert B — Red Canyon World,accepted,desert,red-canyon,super-earth; barren,some haze,False,False,False,False,True,False,,,True,True,0298298ef1d0596b6d26b97d6db57da72e373b984db018de9b0492a004ab621d
P13-09,Desert B — Red Canyon World,Desert B — Red Canyon World 28.png,Desert B — Red Canyon World,rejected,desert,red-canyon,super-earth; barren,some haze,False,False,False,False,False,False,,Deep baked hemispheric shadow obscures surface color.,False,False,b01b3c4a1fb6b767f5f1a457c00c9aa71456a0bcf438878069ac048adaf313ad
P13-10,Desert B — Red Canyon World,Desert B — Red Canyon World 29.png,Desert B — Red Canyon World,rejected,desert,red-canyon,super-earth; barren,some haze,False,False,False,False,False,False,,Strong localized glossy highlight in otherwise dark rock.,False,False,39f4e313d4f3f84f33232f0bd74a19f302549af0c4952edbc4ecf8599fa276c5
P13-11,Desert B — Red Canyon World,Desert B — Red Canyon World 30.png,Desert B — Red Canyon World,accepted,desert,red-canyon,super-earth; barren,some haze,False,False,False,False,True,False,,,True,True,ca85b3717fe423584d32561be2f0d2623005e738c6850f7dd3751ce8c2cbe16d
P13-12,Desert B — Red Canyon World,Desert B — Red Canyon World 31.png,Desert B — Red Canyon World,rejected,desert,red-canyon,super-earth; barren,some haze,False,False,False,False,False,False,,Deep baked hemispheric shadow obscures surface color.,False,False,e0a965755b120aa80e6cda09746114fc8b41f65b445fc67ca079a022f020db01
P13-13,Desert B — Red Canyon World,Desert B — Red Canyon World 32.png,Desert B — Red Canyon World,accepted,desert,red-canyon,super-earth; barren,some haze,False,False,False,False,True,False,,,True,True,942db54f85317b2d5bed101c1826d340927c43159453d8cd89c78f962920d362
P13-14,Desert B — Red Canyon World,Desert B — Red Canyon World 33.png,Desert B — Red Canyon World,rejected,desert,red-canyon,super-earth; barren,some haze,False,False,False,False,not prepared (source excluded),False,,Planet cropped at bottom and strong baked terminator.,False,False,17a605c4c370ca85eff276afe4145a12604685947757b73e96e26c8c02592cb4
P13-15,Desert B — Red Canyon World,Desert B — Red Canyon World 34.png,Desert B — Red Canyon World,accepted,desert,red-canyon,super-earth; barren,some haze,False,False,False,False,True,False,,,True,True,d323b39f552ca5f66575951a7b4702dcf9919e305835954b43ac4c0585b70039
P13-16,Desert B — Red Canyon World,Desert B — Red Canyon World 35.png,Desert B — Red Canyon World,accepted,desert,red-canyon,super-earth; barren,some haze,False,False,False,False,True,False,,,True,True,700fc34a4936954dd16dd4208a3a219f263f513d04887b2811baf874247cd91b
P13-17,Desert B — Red Canyon World,Desert B — Red Canyon World 36.png,Desert B — Red Canyon World,accepted,desert,red-canyon,super-earth; barren,some haze,False,False,False,False,True,False,,,True,True,5b6c6d03bd76beb6cdaabb377a2605a7d31247cc3523e657b0409f43457e3187
P13-18,Desert B — Red Canyon World,Desert B — Red Canyon World 37.png,Desert B — Red Canyon World,accepted,desert,red-canyon,super-earth; barren,some haze,False,False,False,False,True,False,,,True,True,ecb0f94ba126a7c9c179b5ed800158986094498480bc665fdc32e3a811595601
P13-19,Desert B — Red Canyon World,Desert B — Red Canyon World 38.png,Desert B — Red Canyon World,rejected,desert,red-canyon,super-earth; barren,some haze,False,False,False,False,False,False,,Directional bright/dark limb strip or colored glare remains attached to the surface during rotation.,True,True,1e611fadb4d4484aa4780862ce473c771390129fa16182b95f2fdf3a3afb542c
P13-20,Desert B — Red Canyon World,Desert B — Red Canyon World 39.png,Desert B — Red Canyon World,accepted,desert,red-canyon,super-earth; barren,some haze,False,False,False,False,True,False,,,True,True,9b77620b14aeb595528ed01e090cd647654f374e2bd88b22fc9a7108c4811c71
P14-01,Desert C — White Salt Desert World,Desert 3 — White salt desert 2.png,Desert C — White Salt Desert World,rejected,desert,white-salt,super-earth; barren,False,False,False,False,False,not prepared (source excluded),False,,Duplicate content of P12-19; no duplicate runtime import. ,False,False,8fc1c7932c2a185aaf8e216e952e17bea208536942007de9318b32b7f1aa00aa
P14-02,Desert C — White Salt Desert World,Desert C — White Salt Desert World 1.png,Desert C — White Salt Desert World,rejected,desert,white-salt,super-earth; barren,False,False,False,False,False,not prepared (source excluded),False,,Overscaled raised terrain gives a miniature/clumped sphere appearance.,False,False,c00b241a660e6606e3921632a5c2efc459369aa2765a2696dd8a8a2a7d9cfb5f
P14-03,Desert C — White Salt Desert World,Desert C — White Salt Desert World 10.png,Desert C — White Salt Desert World,accepted,desert,white-salt,super-earth; barren,False,False,False,False,False,True,False,,,True,True,947ad5cff0d30540d7aff54960deeb439118f6576c350c2611e3533be32f8c0c
P14-04,Desert C — White Salt Desert World,Desert C — White Salt Desert World 11.png,Desert C — White Salt Desert World,accepted,desert,white-salt,super-earth; barren,False,False,False,False,False,True,False,,,True,True,d123e1234efeb58b54706c27a55695e80acded2cb2479e75f49e1799535d868b
P14-05,Desert C — White Salt Desert World,Desert C — White Salt Desert World 12.png,Desert C — White Salt Desert World,accepted,desert,white-salt,super-earth; barren,False,False,False,False,False,True,False,,,True,True,f1e8059d6c21f0e904bd186bfd120f50e05c5ec59f66b00056007dd55b607505
P14-06,Desert C — White Salt Desert World,Desert C — White Salt Desert World 13.png,Desert C — White Salt Desert World,rejected,desert,white-salt,super-earth; barren,False,False,False,False,False,not prepared (source excluded),False,,Duplicate content of P05-01; no duplicate runtime import. ,False,False,efb0b77c9352e3987a906b66fa3d9efd67c9044c5088f330a54e1f3c8444d63c
P14-07,Desert C — White Salt Desert World,Desert C — White Salt Desert World 14.png,Desert C — White Salt Desert World,rejected,desert,white-salt,super-earth; barren,False,False,False,False,False,not prepared (source excluded),False,,Planet cropped along bottom edge.,False,False,d492dae11e96840e3735dba1c5505af541708f5357257acc03b7b30517c38f72
P14-08,Desert C — White Salt Desert World,Desert C — White Salt Desert World 15.png,Desert C — White Salt Desert World,rejected,barren,iron-rich-rust,super-earth,False,False,False,False,False,False,False,Rust-red crater rock without extensive white salt basins; compatible with dry red terrestrial worlds.,Directional bright/dark limb strip or colored glare remains attached to the surface during rotation.,True,True,1b46dea4d08c0ee107688224640071ee73aca8223fd84e4aa43ee14328d1af20
P14-09,Desert C — White Salt Desert World,Desert C — White Salt Desert World 16.png,Desert C — White Salt Desert World,accepted,barren,iron-rich-rust,super-earth,False,False,False,False,False,True,False,Rust-red crater rock without extensive white salt basins; compatible with dry red terrestrial worlds.,,True,True,098ab1bc56c2e02218acb5dcca74ae230c72e4b3a8a734a882d0358874fa67c9
P14-10,Desert C — White Salt Desert World,Desert C — White Salt Desert World 17.png,Desert C — White Salt Desert World,rejected,barren,iron-rich-rust,super-earth,False,False,False,False,False,False,False,Rust-red crater rock without extensive white salt basins; compatible with dry red terrestrial worlds.,Directional bright/dark limb strip or colored glare remains attached to the surface during rotation.,True,True,6612723150c8f7479ef242203e9e8be9c8c8f8edbe514d32019d9bd01de03a4a
P14-11,Desert C — White Salt Desert World,Desert C — White Salt Desert World 18.png,Desert C — White Salt Desert World,accepted,barren,iron-rich-rust,super-earth,False,False,False,False,False,True,False,Rust-red crater rock without extensive white salt basins; compatible with dry red terrestrial worlds.,,True,True,90acce292743bfa8734ea1a87632db1c4299160fed6ffb1dafc9f9897e696e5c
P14-12,Desert C — White Salt Desert World,Desert C — White Salt Desert World 19.png,Desert C — White Salt Desert World,accepted,barren,iron-rich-rust,super-earth,False,False,False,False,False,True,False,Rust-red crater rock without extensive white salt basins; compatible with dry red terrestrial worlds.,,True,True,d2f16747d86f2e4dabb5fdcc61bb0c88fe8cfa08f01e703b197fe1c3cb4ea255
P14-13,Desert C — White Salt Desert World,Desert C — White Salt Desert World 2.png,Desert C — White Salt Desert World,rejected,barren,ancient-grey-crater,super-earth,False,False,False,False,False,False,False,"Neutral grey airless cratered globe, not a salt desert.",Directional bright/dark limb strip or colored glare remains attached to the surface during rotation.,True,True,0690a2fdc34a1789a44df3ad8d2d6506ece192ccdc585719229435e17c2294c0
P14-14,Desert C — White Salt Desert World,Desert C — White Salt Desert World 20.png,Desert C — White Salt Desert World,rejected,barren,iron-rich-rust,super-earth,False,False,False,False,False,False,False,Rust-red crater rock without extensive white salt basins; compatible with dry red terrestrial worlds.,Directional bright/dark limb strip or colored glare remains attached to the surface during rotation.,True,True,f72f40b03129a2348dba63b431ee8744c55fbbd26527cd709af2703263ceb2ce
P14-15,Desert C — White Salt Desert World,Desert C — White Salt Desert World 21.png,Desert C — White Salt Desert World,accepted,barren,iron-rich-rust,super-earth,False,False,False,False,False,True,False,Rust-red crater rock without extensive white salt basins; compatible with dry red terrestrial worlds.,,True,True,dd37764191ae8e44702c480291af68508481d16a50a585d712448af9028ac3ed
P14-16,Desert C — White Salt Desert World,Desert C — White Salt Desert World 3.png,Desert C — White Salt Desert World,accepted,desert,white-salt,super-earth; barren,False,False,False,False,False,True,False,,,True,True,c8f3147ca9ceb6e3da49fab6c43ce9abe05d131679c24787cec8ffb44da4cf85
P14-17,Desert C — White Salt Desert World,Desert C — White Salt Desert World 4.png,Desert C — White Salt Desert World,accepted,desert,white-salt,super-earth; barren,False,False,False,False,False,True,False,,,True,True,2d5a365eb31aa6a88d044a5c17f4b5d619b541923b67f1b871db8cb9f202d034
P14-18,Desert C — White Salt Desert World,Desert C — White Salt Desert World 5.png,Desert C — White Salt Desert World,accepted,barren,ancient-grey-crater,super-earth,False,False,False,False,False,True,False,"Neutral grey airless cratered globe, not a salt desert.",,True,True,e6640fad98a5d0637f784000f2b4523ca69ea7fa09f128084157853b6c096600
P14-19,Desert C — White Salt Desert World,Desert C — White Salt Desert World 6.png,Desert C — White Salt Desert World,rejected,desert,white-salt,super-earth; barren,False,False,False,False,False,not prepared (source excluded),False,,Severe dark baked hemisphere loses terrain detail.,False,False,5fb474a068ff9d94aadb556bedd88026616229e501b8819ed6f37b73e75446b6
P14-20,Desert C — White Salt Desert World,Desert C — White Salt Desert World 7.png,Desert C — White Salt Desert World,accepted,barren,iron-rich-rust,super-earth,False,False,False,False,False,True,False,Rust-red crater rock without extensive white salt basins; compatible with dry red terrestrial worlds.,,True,True,0dc26e394147a19778f09bbad362eaf5fd272b8561e33a8ab41032a25c22d68a
P14-21,Desert C — White Salt Desert World,Desert C — White Salt Desert World 8.png,Desert C — White Salt Desert World,rejected,barren,iron-rich-rust,super-earth,False,False,False,False,False,False,False,Rust-red crater rock without extensive white salt basins; compatible with dry red terrestrial worlds.,Directional bright/dark limb strip or colored glare remains attached to the surface during rotation.,True,True,fbf394a669a6261831222b207053d77305f7b7fea717891dd5f1eabb9e8d642a
P14-22,Desert C — White Salt Desert World,Desert C — White Salt Desert World 9.png,Desert C — White Salt Desert World,rejected,barren,iron-rich-rust,super-earth,False,False,False,False,False,False,False,Rust-red crater rock without extensive white salt basins; compatible with dry red terrestrial worlds.,Directional bright/dark limb strip or colored glare remains attached to the surface during rotation.,True,True,22804108d25ac9ebaab43f8284ee948dddce8f79d0ae0e2009cec540cfed5dee
P15-01,Dying A — Global Fracture World,Dying A — Global Fracture World 20.png,Dying A — Global Fracture World,accepted,frozen,dirty-ice,super-earth,varies,False,False,True,some fissures,True,False,Ice/cloud covered intact globe without major crustal fracture.,,True,True,a06b6d73da668f323cc479ef58a88e4f7b8db9d10b3c5c9c0933bb132b29097f
P15-02,Dying A — Global Fracture World,Dying A — Global Fracture World 21.png,Dying A — Global Fracture World,accepted,cracked,global-fracture,,varies,False,False,False,some fissures,True,False,,,True,True,39f2d05fb07a84c39e6ba9003d6c859770c956ad4e54c9a865d199e80912d9be
P15-03,Dying A — Global Fracture World,Dying A — Global Fracture World 22.png,Dying A — Global Fracture World,accepted,cracked,global-fracture,,varies,False,False,False,some fissures,True,False,,,True,True,fddf10448d1545202886b6d11d1043ea93e6fd99b90e19f9ad992db34a8591a9
P15-04,Dying A — Global Fracture World,Dying A — Global Fracture World 23.png,Dying A — Global Fracture World,rejected,cracked,global-fracture,,varies,varies,False,False,some fissures,not prepared (source excluded),False,,Overscaled glowing clumps/craters or molten-egg stylization lacks plausible planetary-scale terrain.,False,False,7dfba0064c6367d02abb9d1c31e02862416248f439491062941a56318c40709e
P15-05,Dying A — Global Fracture World,Dying A — Global Fracture World 24.png,Dying A — Global Fracture World,rejected,cracked,global-fracture,,varies,varies,False,False,some fissures,not prepared (source excluded),True,,Recognizable Earth continental outlines on an alien fractured-world source.,False,False,3c5849844e848a49b45e8b680ce1b6229dedac6d7b2058bd4f8523ac28507f36
P15-06,Dying A — Global Fracture World,Dying A — Global Fracture World 25.png,Dying A — Global Fracture World,accepted,frozen,dirty-ice,super-earth,varies,False,False,True,some fissures,True,False,Ice/cloud covered intact globe without major crustal fracture.,,True,True,823eb21e4d0f4f7d39077a3c41913f4cbd3c902b37d6a3aceb27ab2a4485dc83
P15-07,Dying A — Global Fracture World,Dying A — Global Fracture World 26.png,Dying A — Global Fracture World,accepted,cracked,global-fracture,,varies,False,False,False,some fissures,True,False,,,True,True,b47a9ca4bf5e2343efa63df974bdecd87dcc8397d5c1c1c8b8bdd8cbaa07a873
P15-08,Dying A — Global Fracture World,Dying A — Global Fracture World 27.png,Dying A — Global Fracture World,rejected,cracked,global-fracture,,varies,varies,False,False,some fissures,False,False,,Directional bright/dark limb strip or colored glare remains attached to the surface during rotation.,True,True,76acef2d425742fca535c60c40e58769cf91edec9e1f3b722a3ffc4b60102854
P15-09,Dying A — Global Fracture World,Dying A — Global Fracture World 28.png,Dying A — Global Fracture World,rejected,cracked,global-fracture,,varies,varies,False,False,some fissures,not prepared (source excluded),False,,Overscaled glowing clumps/craters or molten-egg stylization lacks plausible planetary-scale terrain.,False,False,9e8d2a098f7914702e039a576a1b72002c616194c8c03aabdbc0dc1eef7d50ab
P15-10,Dying A — Global Fracture World,Dying A — Global Fracture World 29.png,Dying A — Global Fracture World,accepted,cracked,global-fracture,,varies,False,False,False,some fissures,True,False,,,True,True,265daa658bc02425d376d422f4cc02bc9036609e860aef0662282c9868cf6fce
P15-11,Dying A — Global Fracture World,Dying A — Global Fracture World 30.png,Dying A — Global Fracture World,rejected,cracked,global-fracture,,varies,varies,False,False,some fissures,False,False,,"No complete, sufficiently resolved globe silhouette was recovered.",False,False,f0e600346b092f97318c9353cd00fabd1bf4962d56d941a2e2bf877e9005117d
P15-12,Dying A — Global Fracture World,Dying A — Global Fracture World 31.png,Dying A — Global Fracture World,accepted,cracked,global-fracture,,varies,False,False,False,some fissures,True,False,,,True,True,5a7ce30be2d62990d3b7969d5726d84ab1e03686952e98ddce040839dd228025
P15-13,Dying A — Global Fracture World,Dying A — Global Fracture World 32.png,Dying A — Global Fracture World,rejected,cracked,global-fracture,,varies,varies,False,False,some fissures,not prepared (source excluded),True,,Recognizable Earth continental outlines on an alien fractured-world source.,False,False,a3bf4ab65bf99b5cf5a27bdfbf2d220a3b4ba8dea51a9ee188f25920c3549597
P15-14,Dying A — Global Fracture World,Dying A — Global Fracture World 33.png,Dying A — Global Fracture World,rejected,cracked,global-fracture,,varies,varies,False,False,some fissures,not prepared (source excluded),False,,Overscaled glowing clumps/craters or molten-egg stylization lacks plausible planetary-scale terrain.,False,False,1b8c7363655520fc75319f0d65815563bb9d34956fd098facec463172e5bb20b
P15-15,Dying A — Global Fracture World,Dying A — Global Fracture World 34.png,Dying A — Global Fracture World,rejected,cracked,global-fracture,,varies,varies,False,False,some fissures,not prepared (source excluded),True,,Recognizable Earth continental outlines on an alien fractured-world source.,False,False,e064f9dbb6abe6a37f3ba7113ffc2317d218f4135e2a512e949c69aaeacb0660
P15-16,Dying A — Global Fracture World,Dying A — Global Fracture World 35.png,Dying A — Global Fracture World,accepted,cracked,global-fracture,,varies,False,False,False,some fissures,True,False,,,True,True,68e9ed3e71631b07cc77d916d7582b7ba046d6b8bbc87c2c1dc8ec3aa948188f
P15-17,Dying A — Global Fracture World,Dying A — Global Fracture World 36.png,Dying A — Global Fracture World,rejected,cracked,global-fracture,,varies,varies,False,False,some fissures,not prepared (source excluded),True,,Recognizable Earth continental outlines on an alien fractured-world source.,False,False,0a558cfecab69f2feab0916efb4113a77c496d76f5ee5b843602868a04b1086b
P15-18,Dying A — Global Fracture World,Dying A — Global Fracture World 37.png,Dying A — Global Fracture World,rejected,cracked,global-fracture,,varies,varies,False,False,some fissures,not prepared (source excluded),True,,Recognizable Earth continental outlines on an alien fractured-world source.,False,False,1e07eae3ba4ad91926c55afceb164938cdcfcca6cf702f40f8f803bb35c9e943
P15-19,Dying A — Global Fracture World,Dying A — Global Fracture World 38.png,Dying A — Global Fracture World,rejected,cracked,global-fracture,,varies,varies,False,False,some fissures,not prepared (source excluded),True,,Closer inspection confirms recognizable Earth-derived continents/coastlines; excluded from alien-world selection.,False,False,af29dc95d0519a445eb1bd30a5f5eebe95dab188ca9c4a00e486d2741deb3e0d
P15-20,Dying A — Global Fracture World,Dying A — Global Fracture World 39.png,Dying A — Global Fracture World,rejected,cracked,global-fracture,,varies,varies,False,False,some fissures,False,False,,Directional bright/dark limb strip or colored glare remains attached to the surface during rotation.,True,True,fa53e72fe1f0d66579feb96baa4fb85078cf917da7212e281e06a90676eddf70
P15-21,Dying A — Global Fracture World,Dying A — Global Fracture World 40.png,Dying A — Global Fracture World,rejected,cracked,global-fracture,,varies,varies,False,False,some fissures,not prepared (source excluded),True,,Recognizable Earth continental outlines on an alien fractured-world source.,False,False,77a6a3b59f016c52bf52bbecc594ccb32d3aca747d7fe483c0707a9c4493de77
P15-22,Dying A — Global Fracture World,Dying A — Global Fracture World 41.png,Dying A — Global Fracture World,accepted,barren,ancient-grey-crater,super-earth,varies,False,False,False,some fissures,True,False,Intact cratered dry globe; no major global fracture.,,True,True,69d8a266650f22c7147f938fb0c0d9b093ac8c6f016d70b2f7dd194613f73946
P15-23,Dying A — Global Fracture World,Dying A — Global Fracture World 42.png,Dying A — Global Fracture World,accepted,desert,red-canyon,super-earth; barren,varies,False,False,False,some fissures,True,False,Dry basin/canyon morphology without a shattered body.,,True,True,d32cf8abc81206db6d02c2d5f59b00352814acfb9cea18a8b563852edb7f0554
P15-24,Dying A — Global Fracture World,Dying A — Global Fracture World 43.png,Dying A — Global Fracture World,rejected,cracked,global-fracture,,varies,varies,False,False,some fissures,not prepared (source excluded),True,,Closer inspection confirms recognizable Earth-derived continents/coastlines; excluded from alien-world selection.,False,False,3c1e91c3a7cb47db538e1e9144c301177633f7f2d1ea54c5543c8e0250b97f4c
P15-25,Dying A — Global Fracture World,Dying A — Global Fracture World 44.png,Dying A — Global Fracture World,rejected,cracked,global-fracture,,varies,varies,False,False,some fissures,not prepared (source excluded),True,,Recognizable Earth continental outlines on an alien fractured-world source.,False,False,7d419fe927b881d8616f4a715661189038cb4ccce408e0e3e015aa6e404ca2ac
P16-01,Dying B — Partially Shattered World,Dying B — Partially Shattered World 20.png,Dying B — Partially Shattered World,rejected,cracked,partially-shattered,,varies,varies,False,False,False,False,False,,Directional bright/dark limb strip or colored glare remains attached to the surface during rotation.,True,True,5d6b3dd5a4a3753dc2cdd77b8b0fc0065a8379a50558d312e012c368f0f63122
P16-02,Dying B — Partially Shattered World,Dying B — Partially Shattered World 21.png,Dying B — Partially Shattered World,accepted,cracked,partially-shattered,,varies,False,False,False,False,True,False,,,True,True,2823e568af47e7130d7f429d741e934a8efeca7ed462ca660197ca0e49bb8be1
P16-03,Dying B — Partially Shattered World,Dying B — Partially Shattered World 22.png,Dying B — Partially Shattered World,accepted,barren,mineral-highlands,super-earth,varies,False,False,False,False,True,False,Intact dry mineral/crater surface rather than partially shattered planet.,,True,True,b4d98e0b3140642cf5d213ca29bc86ed7eb99c1d463919c3505b2340061dd327
P16-04,Dying B — Partially Shattered World,Dying B — Partially Shattered World 23.png,Dying B — Partially Shattered World,rejected,temperate,other-temperate,,varies,varies,False,False,False,False,False,Visible seas and colored terrain; no obvious shattered region.,Surface remains excessively dark with a baked hemispheric lighting imbalance.,True,True,8e037490d2bc61c26ea42df173e42ad74d35a97d72cb5fa51674bdd217cc752c
P16-05,Dying B — Partially Shattered World,Dying B — Partially Shattered World 24.png,Dying B — Partially Shattered World,accepted,barren,mineral-highlands,super-earth,varies,False,False,False,False,True,False,Intact dry mineral/crater surface rather than partially shattered planet.,,True,True,2342886dcabbfad999f6f55d379030d5ae96246ebfc38097a79c2ba7593047f4
P16-06,Dying B — Partially Shattered World,Dying B — Partially Shattered World 25.png,Dying B — Partially Shattered World,accepted,desert,red-canyon,super-earth; barren,varies,False,False,False,False,True,False,Intact dry ochre/rust surface with no detached planetary crust.,,True,True,a2f33a45f911e905b300dfeec96b7b9a1ec8001f06ca55961509ce6e830692e8
P16-07,Dying B — Partially Shattered World,Dying B — Partially Shattered World 26.png,Dying B — Partially Shattered World,accepted,cracked,partially-shattered,,varies,False,False,False,False,True,False,,,True,True,a9753fed8ca7abefb4efc81ff1688fd134e879a6c59d54e3944840664739702d
P16-08,Dying B — Partially Shattered World,Dying B — Partially Shattered World 27.png,Dying B — Partially Shattered World,rejected,frozen,dirty-ice,super-earth,varies,varies,False,False,False,False,False,Pale icy globe with no missing crust.,Directional bright/dark limb strip or colored glare remains attached to the surface during rotation.,True,True,28a36139263ee2c68fb924f0c3683003e55de168f43ca8bcc7117f4369138a44
P16-09,Dying B — Partially Shattered World,Dying B — Partially Shattered World 28.png,Dying B — Partially Shattered World,rejected,desert,red-canyon,super-earth; barren,varies,varies,False,False,False,False,False,Intact dry ochre/rust surface with no detached planetary crust.,Directional bright/dark limb strip or colored glare remains attached to the surface during rotation.,True,True,9f055dab05b6bcbdeea2237c738a0a5261cc3cc5ce440ff14cd54b9509ffaa2b
P16-10,Dying B — Partially Shattered World,Dying B — Partially Shattered World 29.png,Dying B — Partially Shattered World,accepted,cracked,partially-shattered,,varies,False,False,False,False,True,False,,,True,True,1466590767173a3a769b19bb0102253f8bc5d6c4641c95dcc835f2d348850e1c
P16-11,Dying B — Partially Shattered World,Dying B — Partially Shattered World 30.png,Dying B — Partially Shattered World,rejected,cracked,partially-shattered,,varies,varies,False,False,False,not prepared (source excluded),False,,Stylized pastel patch sphere with oversized blisters; not realistic terrain.,False,False,992490a99c15b6ef1f616efa12898d5f3fd21fced5e1cfa7959e4f6925cffcd4
P16-12,Dying B — Partially Shattered World,Dying B — Partially Shattered World 31.png,Dying B — Partially Shattered World,accepted,temperate,other-temperate,,varies,True,False,False,False,True,False,Visible seas and colored terrain; no obvious shattered region.,,True,True,37c4dcdfc59d032e15212c4b3b5860f373d908b3d7cdfb24afa8f106e59c05c6
P16-13,Dying B — Partially Shattered World,Dying B — Partially Shattered World 32.png,Dying B — Partially Shattered World,accepted,desert,red-canyon,super-earth; barren,varies,False,False,False,False,True,False,Intact dry ochre/rust surface with no detached planetary crust.,,True,True,7a767293886ad263bf98a2fa817fe147abb7b6778f2af7c0f5d66721cd8670bf
P16-14,Dying B — Partially Shattered World,Dying B — Partially Shattered World 33.png,Dying B — Partially Shattered World,rejected,cracked,partially-shattered,,varies,varies,False,False,False,not prepared (source excluded),True,,Closer inspection confirms recognizable Earth-derived continents/coastlines; excluded from alien-world selection.,False,False,a0548f42fa0cf2d739d081aa55eff7eb38848e5798c96f827435deffb32193df
P16-15,Dying B — Partially Shattered World,Dying B — Partially Shattered World 34.png,Dying B — Partially Shattered World,accepted,temperate,other-temperate,,varies,True,False,False,False,True,False,Visible seas and colored terrain; no obvious shattered region.,,True,True,75c5f12486b4774979d4e2a5657b8db728532e329e196e83fbd0d0d28786957f
P16-16,Dying B — Partially Shattered World,Dying B — Partially Shattered World 35.png,Dying B — Partially Shattered World,rejected,cracked,partially-shattered,,varies,varies,False,False,False,not prepared (source excluded),False,,Overscaled crater and smooth reflective miniature-like cracked surface.,False,False,a14adcb5a3e1c34f4ff9a8a2f23777b3a4d75181a8def93a689006743c13326a
P16-17,Dying B — Partially Shattered World,Dying B — Partially Shattered World 36.png,Dying B — Partially Shattered World,rejected,cracked,partially-shattered,,varies,varies,False,False,False,not prepared (source excluded),False,,Visible signature/watermark at lower right.,False,False,db8c334102f7e5a1f1c095c16a8c1382cafd995a424cd18e6c3a8e9770c02159
P16-18,Dying B — Partially Shattered World,Dying B — Partially Shattered World 37.png,Dying B — Partially Shattered World,rejected,cracked,partially-shattered,,varies,varies,False,False,False,False,False,,Persistent directional bright/dark rim or colored lighting strip visible at one or more longitudes.,True,True,aeca2935ea9f5dafa77f4a533f488533b355135eec40b91f3017f78ed70dc920
P16-19,Dying B — Partially Shattered World,Dying B — Partially Shattered World 38.png,Dying B — Partially Shattered World,rejected,desert,red-canyon,super-earth; barren,varies,varies,False,False,False,False,False,Intact dry ochre/rust surface with no detached planetary crust.,Persistent directional bright/dark rim or colored lighting strip visible at one or more longitudes.,True,True,883f220b2dd95d6a2fe6dd3b832491d7123c7f1b32ab63e1850ca9b3833989ee
P16-20,Dying B — Partially Shattered World,Dying B — Partially Shattered World 39.png,Dying B — Partially Shattered World,accepted,barren,mineral-highlands,super-earth,varies,False,False,False,False,True,False,Intact dry mineral/crater surface rather than partially shattered planet.,,True,True,960832c0ba4ed7f576ff5a235080637c9cbce848b47a304331862272975ab45d
P17-01,Dying C — Ancient Collision Scar World,Dying C — Ancient Collision Scar World 20.png,Dying C — Ancient Collision Scar World,rejected,desert,red-canyon,super-earth; barren,varies,varies,False,False,False,False,False,Dry intact canyon/impact terrain rather than globally shattered body.,Persistent directional bright/dark rim or colored lighting strip visible at one or more longitudes.,True,True,51897d9e51d97a067f8fec6733fce8bd0b4aac6856ee0db50492a1081af1ab7a
P17-02,Dying C — Ancient Collision Scar World,Dying C — Ancient Collision Scar World 21.png,Dying C — Ancient Collision Scar World,rejected,cracked,ancient-collision-scar,,varies,varies,False,False,False,False,False,,Large folded miniature-like terrain and black baked shadows.,False,False,721642b4c413ec50f62278480599d80f3e4552ffd14eec4aeb4320a030e2aa28
P17-03,Dying C — Ancient Collision Scar World,Dying C — Ancient Collision Scar World 22.png,Dying C — Ancient Collision Scar World,accepted,barren,mineral-highlands,super-earth,varies,False,False,False,False,True,False,Intact dry mineral/crater globe.,,True,True,2f9c4f1c606eccf7093ce4cb8302f93bede6485ba9e8aedd0888d03d2fedc6ee
P17-04,Dying C — Ancient Collision Scar World,Dying C — Ancient Collision Scar World 23.png,Dying C — Ancient Collision Scar World,rejected,cracked,ancient-collision-scar,,varies,varies,False,False,False,not prepared (source excluded),True,,Earth Africa and surrounding coastlines remain recognizable beneath crack overlay.,False,False,c0240c69db56fa54fdf1f9db267cbe7d0fd99735791b7edc8911bd0209b730af
P17-05,Dying C — Ancient Collision Scar World,Dying C — Ancient Collision Scar World 24.png,Dying C — Ancient Collision Scar World,accepted,cracked,ancient-collision-scar,,varies,False,False,False,False,True,False,,,True,True,2daed05e965fb3f4e509082d19ff270357a4505f54a745ebfbf38c1599a3b231
P17-06,Dying C — Ancient Collision Scar World,Dying C — Ancient Collision Scar World 25.png,Dying C — Ancient Collision Scar World,rejected,cracked,ancient-collision-scar,,varies,varies,False,False,False,False,False,,Persistent directional bright/dark rim or colored lighting strip visible at one or more longitudes.,True,True,1ff230f697cb65a35f7d703104d09026857916dc494fe9c1035fbae014bbc005
P17-07,Dying C — Ancient Collision Scar World,Dying C — Ancient Collision Scar World 26.png,Dying C — Ancient Collision Scar World,accepted,cracked,ancient-collision-scar,,varies,False,False,False,False,True,False,,,True,True,a95632f499e4d17112881a836074b26a9d9b84eaf022241a7597de0801e75cc0
P17-08,Dying C — Ancient Collision Scar World,Dying C — Ancient Collision Scar World 27.png,Dying C — Ancient Collision Scar World,accepted,cracked,ancient-collision-scar,,varies,False,False,False,False,True,False,,,True,True,f3e98ad54821a87ce286d985c54f3cb4c7d717226dfbd8edc36d223c5b4062d5
P17-09,Dying C — Ancient Collision Scar World,Dying C — Ancient Collision Scar World 28.png,Dying C — Ancient Collision Scar World,rejected,temperate,other-temperate,,varies,varies,False,False,False,not prepared (source excluded),True,Clouds and blue seas with no major collision scar visible; needs liquid-water-compatible physics.,Closer inspection confirms recognizable Earth-derived continents/coastlines; excluded from alien-world selection.,False,False,21e2161f0961f366201b9c110e8705f2216694d0b593958b6ed8007def687af4
P17-10,Dying C — Ancient Collision Scar World,Dying C — Ancient Collision Scar World 29.png,Dying C — Ancient Collision Scar World,accepted,cracked,ancient-collision-scar,,varies,False,False,False,False,True,False,,,True,True,1773100d557d596d9102213c94ac0600f4c879ded8cd0f10bcc04a6849af6b26
P17-11,Dying C — Ancient Collision Scar World,Dying C — Ancient Collision Scar World 30.png,Dying C — Ancient Collision Scar World,accepted,temperate,other-temperate,,varies,True,False,False,False,True,False,Clouds and blue seas with no major collision scar visible; needs liquid-water-compatible physics.,,True,True,f5ed8df70a6330c5a915d35347b8d538cfd9e0cde0aefc94571d03f6f5d777ab
P17-12,Dying C — Ancient Collision Scar World,Dying C — Ancient Collision Scar World 31.png,Dying C — Ancient Collision Scar World,accepted,temperate,other-temperate,,varies,True,False,False,False,True,False,Clouds and blue seas with no major collision scar visible; needs liquid-water-compatible physics.,,True,True,981c04ff7fa4e135c790926616b738c7eda76b990cc5e87163957bec02a57a86
P17-13,Dying C — Ancient Collision Scar World,Dying C — Ancient Collision Scar World 32.png,Dying C — Ancient Collision Scar World,accepted,cracked,ancient-collision-scar,,varies,False,False,False,False,True,False,,,True,True,d09d4a9a57cdab2f55736ca1152d2bf1d5d64df2efb085dad44ba8612d766d19
P17-14,Dying C — Ancient Collision Scar World,Dying C — Ancient Collision Scar World 33.png,Dying C — Ancient Collision Scar World,accepted,cracked,ancient-collision-scar,,varies,False,False,False,False,True,False,,,True,True,25720a4607a9d27dfe8c30e3a7d47da76a3c1f47ebf4c3c3604e4591a66e6048
P17-15,Dying C — Ancient Collision Scar World,Dying C — Ancient Collision Scar World 34.png,Dying C — Ancient Collision Scar World,accepted,desert,red-canyon,super-earth; barren,varies,False,False,False,False,True,False,Dry intact canyon/impact terrain rather than globally shattered body.,,True,True,9ae3d44b937ec145f9416d57f9f6d7d029283191fcb07568f2bd817f44256df4
P17-16,Dying C — Ancient Collision Scar World,Dying C — Ancient Collision Scar World 35.png,Dying C — Ancient Collision Scar World,accepted,temperate,other-temperate,,varies,True,False,False,False,True,False,Clouds and blue seas with no major collision scar visible; needs liquid-water-compatible physics.,,True,True,f82233987db4b15d95ef621bdc27de529ea91e0b7157a363e12aae8bba9dc05e
P17-17,Dying C — Ancient Collision Scar World,Dying C — Ancient Collision Scar World 36.png,Dying C — Ancient Collision Scar World,accepted,barren,mineral-highlands,super-earth,varies,False,False,False,False,True,False,Intact dry mineral/crater globe.,,True,True,535af05ef36d4dec9d6fed9d5d9d3b9a3ba86302ce684e8e3f51738db829360b
P17-18,Dying C — Ancient Collision Scar World,Dying C — Ancient Collision Scar World 37.png,Dying C — Ancient Collision Scar World,accepted,frozen,dirty-ice,super-earth,varies,False,False,True,False,True,False,Pale ice-covered globe with no clear global fracture.,,True,True,d90a77d3d6c35f026498fcd98fada636c8ed569e7468612ed685b7e1c7fa97f3
P17-19,Dying C — Ancient Collision Scar World,Dying C — Ancient Collision Scar World 38.png,Dying C — Ancient Collision Scar World,rejected,temperate,other-temperate,,varies,varies,False,False,False,not prepared (source excluded),True,Clouds and blue seas with no major collision scar visible; needs liquid-water-compatible physics.,Closer inspection confirms recognizable Earth-derived continents/coastlines; excluded from alien-world selection.,False,False,905241d573f859698aa2b8aa3227f2f987bb8e3922c8a597ea442bbde523fa1a
P17-20,Dying C — Ancient Collision Scar World,Dying C — Ancient Collision Scar World 39.png,Dying C — Ancient Collision Scar World,accepted,cracked,ancient-collision-scar,,varies,False,False,False,False,True,False,,,True,True,493ea8ad0f04e11c796a2393f364938dcd1e7128d7264d98fbbc1831eed923ab
P17-21,Dying C — Ancient Collision Scar World,Dying C — Ancient Collision Scar World 40.png,Dying C — Ancient Collision Scar World,rejected,cracked,ancient-collision-scar,,varies,varies,False,False,False,not prepared (source excluded),True,,Earth Africa and surrounding coastlines remain recognizable beneath crack overlay.,False,False,ac566a1a91dd26011da968971ca5ad948b684283394df2e05062e9bba31ff21b
P17-22,Dying C — Ancient Collision Scar World,Dying C — Ancient Collision Scar World 41.png,Dying C — Ancient Collision Scar World,accepted,temperate,other-temperate,,varies,True,False,False,False,True,False,Clouds and blue seas with no major collision scar visible; needs liquid-water-compatible physics.,,True,True,a753406ee53c942aab46fbcea69cd887d7b1f239053c4cf98a715b000690a37f
P17-23,Dying C — Ancient Collision Scar World,Dying C — Ancient Collision Scar World 42.png,Dying C — Ancient Collision Scar World,rejected,cracked,ancient-collision-scar,,varies,varies,False,False,False,not prepared (source excluded),False,,Terrain walls/vegetation rise unrealistically at orbital scale.,False,False,f953a47cf343d5b56bbc32e3ee3165bc1e3c91380cd59b3c8801f493199bd89a
P17-24,Dying C — Ancient Collision Scar World,Dying C — Ancient Collision Scar World 43.png,Dying C — Ancient Collision Scar World,accepted,temperate,other-temperate,,varies,True,False,False,False,True,False,Clouds and blue seas with no major collision scar visible; needs liquid-water-compatible physics.,,True,True,ccd5b7c8bdc119db203c07a5f729881aab46114850c8efb77b26485f72be97bc
P17-25,Dying C — Ancient Collision Scar World,Dying C — Ancient Collision Scar World 44.png,Dying C — Ancient Collision Scar World,rejected,desert,red-canyon,super-earth; barren,varies,varies,False,False,False,False,False,Dry intact canyon/impact terrain rather than globally shattered body.,Persistent directional bright/dark rim or colored lighting strip visible at one or more longitudes.,True,True,87a24ecafbb1330106a0b0e246e17020a342c4633b5e8667798f401bc6adb513
P17-26,Dying C — Ancient Collision Scar World,Dying C — Ancient Collision Scar World 45.png,Dying C — Ancient Collision Scar World,rejected,desert,red-canyon,super-earth; barren,varies,varies,False,False,False,False,False,Dry intact canyon/impact terrain rather than globally shattered body.,Persistent directional bright/dark rim or colored lighting strip visible at one or more longitudes.,True,True,d518faba7e4814162a556da1a738cbf5f645edfa13808c4ae7018e28e8a4d99f
P17-27,Dying C — Ancient Collision Scar World,Dying C — Ancient Collision Scar World 46.png,Dying C — Ancient Collision Scar World,rejected,desert,red-canyon,super-earth; barren,varies,varies,False,False,False,False,False,Dry intact canyon/impact terrain rather than globally shattered body.,Persistent directional bright/dark rim or colored lighting strip visible at one or more longitudes.,True,True,ee09a562874d5bdb112a730ecbfe74be3e3447e23bddc2d5926e6522388cf4d0
P17-28,Dying C — Ancient Collision Scar World,Dying C — Ancient Collision Scar World 47.png,Dying C — Ancient Collision Scar World,rejected,temperate,other-temperate,,varies,varies,False,False,False,False,False,Clouds and blue seas with no major collision scar visible; needs liquid-water-compatible physics.,Persistent directional bright/dark rim or colored lighting strip visible at one or more longitudes.,True,True,89b2ca3154f4f36607475de208513f1b1440ec440d1947b338afc3d4ba522d8d
P17-29,Dying C — Ancient Collision Scar World,Dying C — Ancient Collision Scar World 48.png,Dying C — Ancient Collision Scar World,accepted,frozen,dirty-ice,super-earth,varies,False,False,True,False,True,False,Pale ice-covered globe with no clear global fracture.,,True,True,576bfc7487e2d6ec1da169eb5f2b9eb5d7c6d1ef057bea69b0cc82131c356ec0
P17-30,Dying C — Ancient Collision Scar World,Dying C — Ancient Collision Scar World 49.png,Dying C — Ancient Collision Scar World,accepted,cracked,ancient-collision-scar,,varies,False,False,False,False,True,False,,,True,True,e7014814989f6703de6245fbd070a5cad41198a2b6257ae999eab9e9a01667ac
P17-31,Dying C — Ancient Collision Scar World,Dying C — Ancient Collision Scar World 50.png,Dying C — Ancient Collision Scar World,rejected,cracked,ancient-collision-scar,,varies,varies,False,False,False,not prepared (source excluded),False,,Deep black baked left hemisphere obscures albedo.,False,False,2cc3c54a0ff74c22a87467e4a85cfd1fe23ae814edb769b31f02fd16199fd104
P18-01,Dying D — Blown apart  worlds,Cracked Planet 1.png,Dying D — Blown apart  worlds,rejected,cracked,shattered,,False,False,False,False,True,False,False,,"Strong baked rim/star glare, near-black crust and overlapping foreground ejecta prevent clean recoverable albedo. Keep only as visual reference for procedural shattered bodies.",False,False,372415d91f32607ac33fdffb14c233aae92a951e97f4296e653ddd6de6b5e8cc
P18-02,Dying D — Blown apart  worlds,Cracked Planet 10.png,Dying D — Blown apart  worlds,rejected,cracked,shattered,,False,False,False,False,True,False,False,,"Strong baked rim/star glare, near-black crust and overlapping foreground ejecta prevent clean recoverable albedo. Keep only as visual reference for procedural shattered bodies.",False,False,2a10da43f0091edabda6a2f9ae8cfb342b4189010762fe4dbd24aedbf73a0245
P18-03,Dying D — Blown apart  worlds,Cracked Planet 11.png,Dying D — Blown apart  worlds,rejected,cracked,shattered,,False,False,False,False,True,False,False,,"Strong baked rim/star glare, near-black crust and overlapping foreground ejecta prevent clean recoverable albedo. Keep only as visual reference for procedural shattered bodies.",False,False,a21f1529c0c20b9189d96469a0bff98b226b35e737c8b76f5c34f01eab265ddb
P18-04,Dying D — Blown apart  worlds,Cracked Planet 12.png,Dying D — Blown apart  worlds,rejected,cracked,shattered,,False,False,False,False,True,False,False,,"Strong baked rim/star glare, near-black crust and overlapping foreground ejecta prevent clean recoverable albedo. Keep only as visual reference for procedural shattered bodies.",False,False,c6c014d0e52243160e80ccc306854924efec8f819212214e4454b20b1fd78d0b
P18-05,Dying D — Blown apart  worlds,Cracked Planet 2.png,Dying D — Blown apart  worlds,rejected,cracked,shattered,,False,False,False,False,True,False,False,,"Strong baked rim/star glare, near-black crust and overlapping foreground ejecta prevent clean recoverable albedo. Keep only as visual reference for procedural shattered bodies.",False,False,46714fb0707aa98d375ff678e13a04d8e6e4e6d88dbf06beeee6617cd98e4a3e
P18-06,Dying D — Blown apart  worlds,Cracked Planet 3.png,Dying D — Blown apart  worlds,rejected,cracked,shattered,,False,False,False,False,True,False,False,,"Strong baked rim/star glare, near-black crust and overlapping foreground ejecta prevent clean recoverable albedo. Keep only as visual reference for procedural shattered bodies.",False,False,ebb1e4a8e9d472768ce72594eeddbb0b5908afc00b4ae4dd9e81dfa51091cc7b
P18-07,Dying D — Blown apart  worlds,Cracked Planet 4.png,Dying D — Blown apart  worlds,rejected,cracked,shattered,,False,False,False,False,True,False,False,,"Strong baked rim/star glare, near-black crust and overlapping foreground ejecta prevent clean recoverable albedo. Keep only as visual reference for procedural shattered bodies.",False,False,0978dc5141fd598ecc0effbc4d5bd49fb37c3164610abaff50da50f8dfe30cdb
P18-08,Dying D — Blown apart  worlds,Cracked Planet 5.png,Dying D — Blown apart  worlds,rejected,cracked,shattered,,False,False,False,False,True,False,False,,"Strong baked rim/star glare, near-black crust and overlapping foreground ejecta prevent clean recoverable albedo. Keep only as visual reference for procedural shattered bodies.",False,False,99bfbd12d3946c6c85ca345210ab8a2eb97b7b3e6b6e4d407d06cbb8225fecad
P18-09,Dying D — Blown apart  worlds,Cracked Planet 6.png,Dying D — Blown apart  worlds,rejected,cracked,shattered,,False,False,False,False,True,False,False,,"Strong baked rim/star glare, near-black crust and overlapping foreground ejecta prevent clean recoverable albedo. Keep only as visual reference for procedural shattered bodies.",False,False,a61875d9170c73e08bbc2cc7a67866b463844b9b952433092e2f82dcecfbe6fc
P18-10,Dying D — Blown apart  worlds,Cracked Planet 7.png,Dying D — Blown apart  worlds,rejected,cracked,shattered,,False,False,False,False,True,False,False,,"Strong baked rim/star glare, near-black crust and overlapping foreground ejecta prevent clean recoverable albedo. Keep only as visual reference for procedural shattered bodies.",False,False,17b590d635b924bf52e9af95372b2856b86826fc003e1dc06f22f214dd8d5407
P18-11,Dying D — Blown apart  worlds,Cracked Planet 8.png,Dying D — Blown apart  worlds,rejected,cracked,shattered,,False,False,False,False,True,False,False,,"Strong baked rim/star glare, near-black crust and overlapping foreground ejecta prevent clean recoverable albedo. Keep only as visual reference for procedural shattered bodies.",False,False,400b5d98a839455b2675883acbd79021561ffb3263c91b94b1414852476a9333
P18-12,Dying D — Blown apart  worlds,Cracked Planet 9.png,Dying D — Blown apart  worlds,rejected,cracked,shattered,,False,False,False,False,True,False,False,,"Strong baked rim/star glare, near-black crust and overlapping foreground ejecta prevent clean recoverable albedo. Keep only as visual reference for procedural shattered bodies.",False,False,8d2cd6f9b555e053ab734165238896f98f56e9d4ed17325ff9e5e408fe1e434f
P19-01,Frozen A — Global Ice World,Frozen A — Global Ice World 1.png,Frozen A — Global Ice World,rejected,frozen,global-ice,super-earth,some clouds,False,False,True,False,False,False,,Persistent directional bright/dark rim or colored lighting strip visible at one or more longitudes.,True,True,f7e02d1d4cc1f9a207f20e3a8eb620d693ef9e6f8888794ff47761be6937d018
P19-02,Frozen A — Global Ice World,Frozen A — Global Ice World 10.png,Frozen A — Global Ice World,accepted,frozen,global-ice,super-earth,some clouds,False,False,True,False,True,False,,,True,True,0eb7a5162695613766f7e0176d559aae0707838821dcba82f543cf88e5706151
P19-03,Frozen A — Global Ice World,Frozen A — Global Ice World 11.png,Frozen A — Global Ice World,accepted,frozen,global-ice,super-earth,some clouds,False,False,True,False,True,False,,,True,True,ac39d18856fc00ca161a6d8704d531d9220b94103092117c3fe3c304046db5de
P19-04,Frozen A — Global Ice World,Frozen A — Global Ice World 12.png,Frozen A — Global Ice World,accepted,frozen,global-ice,super-earth,some clouds,False,False,True,False,True,False,,,True,True,524ea3ebf7996264790f94ed0bd44659a45614b483e4141f9f30fca08b2d29d0
P19-05,Frozen A — Global Ice World,Frozen A — Global Ice World 13.png,Frozen A — Global Ice World,accepted,frozen,global-ice,super-earth,some clouds,False,False,True,False,True,False,,,True,True,3035c9a6d26389a5b39aed392a747b71178f8e4fb1cf6ed52e71619692d461ea
P19-06,Frozen A — Global Ice World,Frozen A — Global Ice World 14.png,Frozen A — Global Ice World,rejected,frozen,global-ice,super-earth,some clouds,False,False,True,False,False,False,,Persistent directional bright/dark rim or colored lighting strip visible at one or more longitudes.,True,True,992160b70816e61cd674fea83f7cbbb053466ad7a15f773d45ecd45b6b203040
P19-07,Frozen A — Global Ice World,Frozen A — Global Ice World 15.png,Frozen A — Global Ice World,accepted,frozen,global-ice,super-earth,some clouds,False,False,True,False,True,False,,,True,True,2d4037a7b0cfe877bae954795aeaa58c1d6fd6229d17e69ac494dce3f238e23e
P19-08,Frozen A — Global Ice World,Frozen A — Global Ice World 16.png,Frozen A — Global Ice World,rejected,frozen,global-ice,super-earth,some clouds,False,False,True,False,False,False,,Persistent directional bright/dark rim or colored lighting strip visible at one or more longitudes.,True,True,cd806bfc01277b309e26799a8c4db8ab8f1cf99d376bd3b4c64ae644d076898f
P19-09,Frozen A — Global Ice World,Frozen A — Global Ice World 17.png,Frozen A — Global Ice World,rejected,frozen,global-ice,super-earth,some clouds,False,False,True,False,not prepared (source excluded),False,,Graphic/painted crack plates and exaggerated relief look artificial at planetary scale.,False,False,fb0af892200cbdbfc8d9244c0467004a5b177a0d81026cdf3da8185d9bea5fe2
P19-10,Frozen A — Global Ice World,Frozen A — Global Ice World 18.png,Frozen A — Global Ice World,accepted,frozen,global-ice,super-earth,some clouds,False,False,True,False,True,False,,,True,True,bc8e488019c0d0f472fa4f600b6bc3caf963a7d01a304be80f6f5c2bb1c8182e
P19-11,Frozen A — Global Ice World,Frozen A — Global Ice World 19.png,Frozen A — Global Ice World,accepted,frozen,global-ice,super-earth,some clouds,False,False,True,False,True,False,,,True,True,959f017458c29428fb358b7ff985ce8b4958c5f049aeeef7db89e595e9253b13
P19-12,Frozen A — Global Ice World,Frozen A — Global Ice World 2.png,Frozen A — Global Ice World,accepted,frozen,global-ice,super-earth,some clouds,False,False,True,False,True,False,,,True,True,5fbb02287328d38a47356a85042018338680bc78576764290f4f1b4d2d85f54b
P19-13,Frozen A — Global Ice World,Frozen A — Global Ice World 20.png,Frozen A — Global Ice World,accepted,frozen,global-ice,super-earth,some clouds,False,False,True,False,True,False,,,True,True,c27b65a5b43cc3fa8de5bbaccb5646d9d1a58c2b96b7d39ee21243ad8eb7a76b
P19-14,Frozen A — Global Ice World,Frozen A — Global Ice World 21.png,Frozen A — Global Ice World,accepted,frozen,global-ice,super-earth,some clouds,False,False,True,False,True,False,,,True,True,b441f65d948ace8c544b8c06e35c0b31811e31eba4d5a566b0d4e8b3d9c8ae2e
P19-15,Frozen A — Global Ice World,Frozen A — Global Ice World 22.png,Frozen A — Global Ice World,rejected,frozen,global-ice,super-earth,some clouds,False,False,True,False,False,False,,Persistent directional bright/dark rim or colored lighting strip visible at one or more longitudes.,True,True,dd87c459e65827f45f24b2e6a49138b507ee989458e1ebce09c27adc0fa4a6d5
P19-16,Frozen A — Global Ice World,Frozen A — Global Ice World 3.png,Frozen A — Global Ice World,accepted,frozen,global-ice,super-earth,some clouds,False,False,True,False,True,False,,,True,True,199dad40274e8dcb846a217555ee1f9697aee03876fe92539cf44727317865ad
P19-17,Frozen A — Global Ice World,Frozen A — Global Ice World 4.png,Frozen A — Global Ice World,rejected,frozen,global-ice,super-earth,some clouds,False,False,True,False,False,False,,Persistent directional bright/dark rim or colored lighting strip visible at one or more longitudes.,True,True,4275b46275af0e189456319579cadbf1822fca77ea847fb936f43533e40cc2fa
P19-18,Frozen A — Global Ice World,Frozen A — Global Ice World 5.png,Frozen A — Global Ice World,rejected,frozen,global-ice,super-earth,some clouds,False,False,True,False,not prepared (source excluded),False,,Graphic/painted crack plates and exaggerated relief look artificial at planetary scale.,False,False,281c87b03dc39e417233ac0011a596fa18b0d49d3c55bf7f6f5d131492905fcb
P19-19,Frozen A — Global Ice World,Frozen A — Global Ice World 6.png,Frozen A — Global Ice World,accepted,frozen,global-ice,super-earth,some clouds,False,False,True,False,True,False,,,True,True,d536367cb10d3f9ef553e1a74453a529c246735d0e13c390b39bff250477db88
P19-20,Frozen A — Global Ice World,Frozen A — Global Ice World 7.png,Frozen A — Global Ice World,rejected,frozen,global-ice,super-earth,some clouds,False,False,True,False,False,False,,Persistent directional bright/dark rim or colored lighting strip visible at one or more longitudes.,True,True,3b2643e85e21fa707115ce7c81d07f3c1874472827baf49f39eb5e72f61653df
P19-21,Frozen A — Global Ice World,Frozen A — Global Ice World 8.png,Frozen A — Global Ice World,accepted,frozen,global-ice,super-earth,some clouds,False,False,True,False,True,False,,,True,True,cbdbded00e33fcff29cf36d4c6f40895c02bbd33e437109113d648d84e0e1652
P19-22,Frozen A — Global Ice World,Frozen A — Global Ice World 9.png,Frozen A — Global Ice World,accepted,frozen,global-ice,super-earth,some clouds,False,False,True,False,True,False,,,True,True,64967404ce57da356ae6e7ece54974ecb7893e639c1aa8be995986e6be083c10
P20-01,Frozen B — Dirty Ice World,Frozen B — Dirty Ice World 1.png,Frozen B — Dirty Ice World,accepted,frozen,dirty-ice,super-earth,some clouds,False,False,True,False,True,False,,,True,True,76a1ed870aadae6976105ddf45e51d89530fa7c91d16601f4e718946c797157c
P20-02,Frozen B — Dirty Ice World,Frozen B — Dirty Ice World 10.png,Frozen B — Dirty Ice World,accepted,frozen,dirty-ice,super-earth,some clouds,False,False,True,False,True,False,,,True,True,73ae5927103bf76cb9345849b0376998a4568f6bec06825de74417fda5c3ff7a
P20-03,Frozen B — Dirty Ice World,Frozen B — Dirty Ice World 11.png,Frozen B — Dirty Ice World,rejected,frozen,dirty-ice,super-earth,some clouds,False,False,True,False,False,False,,Persistent directional bright/dark rim or colored lighting strip visible at one or more longitudes.,True,True,1f9007f8ba0e1023c038b5b6b7c62d4e729b8c0963b0149f9038913bc39b0c16
P20-04,Frozen B — Dirty Ice World,Frozen B — Dirty Ice World 12.png,Frozen B — Dirty Ice World,accepted,frozen,dirty-ice,super-earth,some clouds,False,False,True,False,True,False,,,True,True,8c217a7a4aaa1316ba4448e23faccf921b76da25604830991fe515b820366ecd
P20-05,Frozen B — Dirty Ice World,Frozen B — Dirty Ice World 13.png,Frozen B — Dirty Ice World,rejected,frozen,dirty-ice,super-earth,some clouds,False,False,True,False,False,False,,Persistent directional bright/dark rim or colored lighting strip visible at one or more longitudes.,True,True,4757b16d08ffb77debffb5c45493fa62dbc62dbf94d17e05e77f9ea686878257
P20-06,Frozen B — Dirty Ice World,Frozen B — Dirty Ice World 14.png,Frozen B — Dirty Ice World,accepted,frozen,dirty-ice,super-earth,some clouds,False,False,True,False,True,False,,,True,True,5e22453b163b133657690e10bfe1437cf435e8af8069e89d62ccc5d48075b863
P20-07,Frozen B — Dirty Ice World,Frozen B — Dirty Ice World 15.png,Frozen B — Dirty Ice World,accepted,frozen,dirty-ice,super-earth,some clouds,False,False,True,False,True,False,,,True,True,edc94a95709d42efe7a01d3ff27717f060e0b74aa94e0d1b09ca26dea28020e0
P20-08,Frozen B — Dirty Ice World,Frozen B — Dirty Ice World 16.png,Frozen B — Dirty Ice World,accepted,frozen,dirty-ice,super-earth,some clouds,False,False,True,False,True,False,,,True,True,983c3e92a0e7c058228b454e1665fc798ea3be33852d37cea4e1e2894bbd6877
P20-09,Frozen B — Dirty Ice World,Frozen B — Dirty Ice World 17.png,Frozen B — Dirty Ice World,accepted,frozen,dirty-ice,super-earth,some clouds,False,False,True,False,True,False,,,True,True,73389d0ed7eb6f17eb1444990924f4c41d3aea3980b539c667f9f122fb940265
P20-10,Frozen B — Dirty Ice World,Frozen B — Dirty Ice World 18.png,Frozen B — Dirty Ice World,accepted,frozen,dirty-ice,super-earth,some clouds,False,False,True,False,True,False,,,True,True,b1809e7eb8ce67a107f1312bd53bc91274ac6d16ad22c5d65828021ee058aaa8
P20-11,Frozen B — Dirty Ice World,Frozen B — Dirty Ice World 19.png,Frozen B — Dirty Ice World,accepted,frozen,dirty-ice,super-earth,some clouds,False,False,True,False,True,False,,,True,True,64e3e61658b236f5562926cbf352375aa1d98334bae9902bed80cee9869005d1
P20-12,Frozen B — Dirty Ice World,Frozen B — Dirty Ice World 2.png,Frozen B — Dirty Ice World,rejected,frozen,dirty-ice,super-earth,some clouds,False,False,True,False,not prepared (source excluded),False,,Repeating feather-like macro relief is implausible ice terrain.,False,False,1ba787ce69629ecf43a14fa91c03d69925a262c7aca527cad9b1ace99b1e5040
P20-13,Frozen B — Dirty Ice World,Frozen B — Dirty Ice World 3.png,Frozen B — Dirty Ice World,accepted,frozen,dirty-ice,super-earth,some clouds,False,False,True,False,True,False,,,True,True,7baffaf1bb2f673f3b8aa56b7828d7ed5eb07c26eb01af6d249e52f2885dc2ce
P20-14,Frozen B — Dirty Ice World,Frozen B — Dirty Ice World 4.png,Frozen B — Dirty Ice World,rejected,frozen,dirty-ice,super-earth,some clouds,False,False,True,False,False,False,,Persistent directional bright/dark rim or colored lighting strip visible at one or more longitudes.,True,True,ea2aa4ef9df5fb763f9230932e8427311527f23994ee35745e7f14fa25559986
P20-15,Frozen B — Dirty Ice World,Frozen B — Dirty Ice World 5.png,Frozen B — Dirty Ice World,rejected,frozen,dirty-ice,super-earth,some clouds,False,False,True,False,False,False,,Persistent directional bright/dark rim or colored lighting strip visible at one or more longitudes.,True,True,3fa79d0ac8f0fcaad63e1c629930c96a17afaea6d350cd2fee590cf26540c844
P20-16,Frozen B — Dirty Ice World,Frozen B — Dirty Ice World 6.png,Frozen B — Dirty Ice World,accepted,frozen,dirty-ice,super-earth,some clouds,False,False,True,False,True,False,,,True,True,2a85dbf91733e4cc73091e5fd63d005472a78a5fa0fafb47fc06273ce0eda20c
P20-17,Frozen B — Dirty Ice World,Frozen B — Dirty Ice World 7.png,Frozen B — Dirty Ice World,accepted,frozen,dirty-ice,super-earth,some clouds,False,False,True,False,True,False,,,True,True,962c7cc50f1b88c0f19d663cf9c80d90d95094701d9a671fd05224b98c5106c7
P20-18,Frozen B — Dirty Ice World,Frozen B — Dirty Ice World 8.png,Frozen B — Dirty Ice World,accepted,frozen,dirty-ice,super-earth,some clouds,False,False,True,False,True,False,,,True,True,d2e0b6bc04c1edffaa45c4c36d9157c8ca9eea8eb3453031061e0fc995e14c94
P20-19,Frozen B — Dirty Ice World,Frozen B — Dirty Ice World 9.png,Frozen B — Dirty Ice World,accepted,frozen,dirty-ice,super-earth,some clouds,False,False,True,False,True,False,,,True,True,8b8a3f5e4ec406414b8ff4f892799242c725b8a5ccda575384feda79ec76a788
P21-01,Frozen C — Blue Glacier World,Frozen C — Blue Glacier World 1.png,Frozen C — Blue Glacier World,accepted,frozen,blue-glacier,super-earth,some clouds,False,False,True,False,True,False,,,True,True,c37b4fde16b4230078d2ccce90237cdae4dc030ee9766127b1b381a7e8b6ed5c
P21-02,Frozen C — Blue Glacier World,Frozen C — Blue Glacier World 10.png,Frozen C — Blue Glacier World,accepted,frozen,blue-glacier,super-earth,some clouds,False,False,True,False,True,False,,,True,True,1869ad0ceb5726b517d895c88c6bb5f7e024183b23ef766dd1b98c16d4be5326
P21-03,Frozen C — Blue Glacier World,Frozen C — Blue Glacier World 11.png,Frozen C — Blue Glacier World,accepted,frozen,blue-glacier,super-earth,some clouds,False,False,True,False,True,False,,,True,True,d7975dc1d498215ea12e6cc02fdffe32616544adb06bcdf82f0529d0b8dd459b
P21-04,Frozen C — Blue Glacier World,Frozen C — Blue Glacier World 12.png,Frozen C — Blue Glacier World,accepted,ice-giant,blue-cloud-giant,,some clouds,False,False,False,False,True,False,"Smooth blue atmospheric envelope, no solid glacier terrain visible.",,True,True,6b7a4e30b0889898e761774bfeb7f17c6d27d91a8cd538502df8b81ad9944524
P21-05,Frozen C — Blue Glacier World,Frozen C — Blue Glacier World 13.png,Frozen C — Blue Glacier World,accepted,frozen,blue-glacier,super-earth,some clouds,False,False,True,False,True,False,,,True,True,e8ee426028563e2f75a224e87292ee3bba2456cf83251b49be71cce60f1ae81a
P21-06,Frozen C — Blue Glacier World,Frozen C — Blue Glacier World 14.png,Frozen C — Blue Glacier World,accepted,frozen,blue-glacier,super-earth,some clouds,False,False,True,False,True,False,,,True,True,dd4c7e9cabab43d247260561b4161ca59a9388525b09adeb0e35663d4880f314
P21-07,Frozen C — Blue Glacier World,Frozen C — Blue Glacier World 15.png,Frozen C — Blue Glacier World,accepted,frozen,blue-glacier,super-earth,some clouds,False,False,True,False,True,False,,,True,True,7a414bbf957eed672b58453d822561b72f3f1aa5c52994a436406561e06b6c25
P21-08,Frozen C — Blue Glacier World,Frozen C — Blue Glacier World 16.png,Frozen C — Blue Glacier World,accepted,frozen,blue-glacier,super-earth,some clouds,False,False,True,False,True,False,,,True,True,d8351f5b116b2bf24ea378952b3b2f7cea5901b483870f1deba9e5b861dc48ef
P21-09,Frozen C — Blue Glacier World,Frozen C — Blue Glacier World 17.png,Frozen C — Blue Glacier World,rejected,frozen,blue-glacier,super-earth,some clouds,False,False,True,False,False,False,,Persistent colored limb glare or dark lighting strip visible during rotation.,True,True,84f969a161f58d62700b7ba432e2c6bec332c7fe392775fca66f3aee1ad13a0f
P21-10,Frozen C — Blue Glacier World,Frozen C — Blue Glacier World 18.png,Frozen C — Blue Glacier World,accepted,frozen,blue-glacier,super-earth,some clouds,False,False,True,False,True,False,,,True,True,0a3e6944ee286a18eed4b26ecc4a5dfe2170209307c06b69c7fae8bcfa0678c5
P21-11,Frozen C — Blue Glacier World,Frozen C — Blue Glacier World 19.png,Frozen C — Blue Glacier World,accepted,frozen,blue-glacier,super-earth,some clouds,False,False,True,False,True,False,,,True,True,e88d21fc9fcbdcf7b6c6f9141fcf7854e9d2edbc69f0c2b6105a635fd0f94a25
P21-12,Frozen C — Blue Glacier World,Frozen C — Blue Glacier World 2.png,Frozen C — Blue Glacier World,rejected,ice-giant,blue-cloud-giant,,some clouds,False,False,True,False,False,False,"Smooth blue atmospheric envelope, no solid glacier terrain visible.","No complete, sufficiently resolved globe silhouette was recovered.",False,False,4b72271924870ab487a204661a4418abd57c5e03f9d29433f93f17863621c115
P21-13,Frozen C — Blue Glacier World,Frozen C — Blue Glacier World 20.png,Frozen C — Blue Glacier World,accepted,frozen,blue-glacier,super-earth,some clouds,False,False,True,False,True,False,,,True,True,a8e44cabe7090441780107623dd2c735772301fc9e0c1a5c2d0c6d032c65bbf7
P21-14,Frozen C — Blue Glacier World,Frozen C — Blue Glacier World 21.png,Frozen C — Blue Glacier World,accepted,frozen,blue-glacier,super-earth,some clouds,False,False,True,False,True,False,,,True,True,9bc8aca2e25fa3cb6b0b3301718b1643a3d821feae8a245b48d1cd1c4c361445
P21-15,Frozen C — Blue Glacier World,Frozen C — Blue Glacier World 3.png,Frozen C — Blue Glacier World,accepted,frozen,blue-glacier,super-earth,some clouds,False,False,True,False,True,False,,,True,True,1d14e2bb85484975ff85c7b8662aac8328c6a97b4b0e24d8d8bb2fef8fcb2285
P21-16,Frozen C — Blue Glacier World,Frozen C — Blue Glacier World 4.png,Frozen C — Blue Glacier World,accepted,frozen,blue-glacier,super-earth,some clouds,False,False,True,False,True,False,,,True,True,7be7d49f5c7fba0fb534b3d4686ab197315846b8493a83b0b696403ade68ac79
P21-17,Frozen C — Blue Glacier World,Frozen C — Blue Glacier World 5.png,Frozen C — Blue Glacier World,accepted,frozen,blue-glacier,super-earth,some clouds,False,False,True,False,True,False,,,True,True,a104c98a6cef6b7fb7d8c371d32347eebe7baa528497f6ac9c048a220c92815e
P21-18,Frozen C — Blue Glacier World,Frozen C — Blue Glacier World 6.png,Frozen C — Blue Glacier World,accepted,ice-giant,blue-cloud-giant,,some clouds,False,False,False,False,True,False,"Smooth blue atmospheric envelope, no solid glacier terrain visible.",,True,True,cfe1ec0fe08a1794f11a6b8b0bc4892b8567a23faed9e2ea1e10c5220e126910
P21-19,Frozen C — Blue Glacier World,Frozen C — Blue Glacier World 7.png,Frozen C — Blue Glacier World,accepted,frozen,blue-glacier,super-earth,some clouds,False,False,True,False,True,False,,,True,True,529e8cc8abf63bf861ed682e3461ba88d9952e735957766f42a64aacf2826ec4
P21-20,Frozen C — Blue Glacier World,Frozen C — Blue Glacier World 8.png,Frozen C — Blue Glacier World,accepted,frozen,blue-glacier,super-earth,some clouds,False,False,True,False,True,False,,,True,True,f1d418dfe523699ed8cc738284c20f750c7b7537e0f31e88f87e613e77acbfd1
P21-21,Frozen C — Blue Glacier World,Frozen C — Blue Glacier World 9.png,Frozen C — Blue Glacier World,rejected,frozen,blue-glacier,super-earth,some clouds,False,False,True,False,False,False,,Stylized luminous wisps and strong baked blue rim replace a plausible surface.,False,False,b33cd57e8347bdf3f6da3d8cdaaab819c110f4c1de943de351150ec7b4e00378
P22-01,Gaia A — Balanced Habitable World,Gaia A — Balanced Habitable World 1.png,Gaia A — Balanced Habitable World,accepted,temperate,gaia-balanced,,True,True,True,False,False,True,False,,,True,True,baa75f48e10e7d2d57c9e1ef3ea8cb3412e348ade0f6781fd69ee6045fc4ae2e
P22-02,Gaia A — Balanced Habitable World,Gaia A — Balanced Habitable World 10.png,Gaia A — Balanced Habitable World,accepted,temperate,gaia-balanced,,True,True,True,False,False,True,False,,,True,True,5177943ba29fd380ad9ac1381463a86548ade81d0f65483ca796c38202157006
P22-03,Gaia A — Balanced Habitable World,Gaia A — Balanced Habitable World 11.png,Gaia A — Balanced Habitable World,rejected,temperate,gaia-balanced,,True,True,True,some polar ice,False,not prepared (source excluded),False,,Near-black baked left hemisphere hides surface detail.,False,False,288bd9ea0b83a9ee27c596b5b675f5a8dc63b208c8814e73d13faac72d9c16d6
P22-04,Gaia A — Balanced Habitable World,Gaia A — Balanced Habitable World 12.png,Gaia A — Balanced Habitable World,accepted,temperate,gaia-balanced,,True,True,True,False,False,True,False,,,True,True,233d8e95526aab590e2f42ebf64a5bf050e67bf16051bc7a4f98da23435614ee
P22-05,Gaia A — Balanced Habitable World,Gaia A — Balanced Habitable World 13.png,Gaia A — Balanced Habitable World,rejected,temperate,gaia-balanced,,True,True,True,some polar ice,False,False,False,,Persistent colored limb glare or dark lighting strip visible during rotation.,True,True,08721d21e4b2edaf9482adbc78f3fa73fbba8c2722af44bae83f185ca567e92b
P22-06,Gaia A — Balanced Habitable World,Gaia A — Balanced Habitable World 14.png,Gaia A — Balanced Habitable World,accepted,temperate,gaia-balanced,,True,True,True,False,False,True,False,,,True,True,cdc3632dde121635c54659fbb3a82bb19d887b3a3f2028a4bd6c08abdab97624
P22-07,Gaia A — Balanced Habitable World,Gaia A — Balanced Habitable World 15.png,Gaia A — Balanced Habitable World,accepted,temperate,gaia-balanced,,True,True,True,False,False,True,False,,,True,True,822e433d2a3861712c92232a02c019d9e92087e05a6965769359099ac111e2e3
P22-08,Gaia A — Balanced Habitable World,Gaia A — Balanced Habitable World 16.png,Gaia A — Balanced Habitable World,accepted,temperate,gaia-balanced,,True,True,True,False,False,True,False,,,True,True,02ad2f5ec95dc9890cfcbaf7bca2e969e08b5feeadc6530527e7fa1014c707ee
P22-09,Gaia A — Balanced Habitable World,Gaia A — Balanced Habitable World 17.png,Gaia A — Balanced Habitable World,rejected,temperate,gaia-balanced,,True,True,True,some polar ice,False,not prepared (source excluded),True,,"Recognizable Earth continental coastlines, including Americas or Africa/Mediterranean.",False,False,fb25302cdab9090f6dd78a1d83b0f5c43c99b3df6f932d44598677d584461cd0
P22-10,Gaia A — Balanced Habitable World,Gaia A — Balanced Habitable World 18.png,Gaia A — Balanced Habitable World,rejected,temperate,gaia-balanced,,True,True,True,some polar ice,False,False,False,,Strong global blur/haze and deep baked shadow do not resolve usable terrain.,False,False,75bad44ce27db6ff9f39c702571c45340b56f0ea344864bb755d7a7452ed852a
P22-11,Gaia A — Balanced Habitable World,Gaia A — Balanced Habitable World 19.png,Gaia A — Balanced Habitable World,rejected,temperate,gaia-balanced,,True,True,True,some polar ice,False,not prepared (source excluded),False,,Flat illustrative map or oversized miniature landform relief conflicts with realistic planet art.,False,False,b6b0a5c208968643a4d7e9a4068c73abad75b7fd8186f5e8ab12a2fdc40f7e43
P22-12,Gaia A — Balanced Habitable World,Gaia A — Balanced Habitable World 2.png,Gaia A — Balanced Habitable World,accepted,temperate,gaia-balanced,,True,True,True,False,False,True,False,,,True,True,77aaca4f76b5267f6f90d7597c6bd3b580faa8b487e5f6bc3f015498e4fcfe00
P22-13,Gaia A — Balanced Habitable World,Gaia A — Balanced Habitable World 20.png,Gaia A — Balanced Habitable World,rejected,temperate,gaia-balanced,,True,True,True,some polar ice,False,not prepared (source excluded),True,,"Recognizable Earth continental coastlines, including Americas or Africa/Mediterranean.",False,False,79fbb1fbf048b385d6726bf1307ba40603aeecce290df7ff81f6a382aa0a995b
P22-14,Gaia A — Balanced Habitable World,Gaia A — Balanced Habitable World 21.png,Gaia A — Balanced Habitable World,accepted,temperate,gaia-balanced,,True,True,True,False,False,True,False,,,True,True,451545b5eb8489741433d6a65949869714a897ca5fbddea054369534a9915159
P22-15,Gaia A — Balanced Habitable World,Gaia A — Balanced Habitable World 22.png,Gaia A — Balanced Habitable World,rejected,temperate,gaia-balanced,,True,True,True,some polar ice,False,not prepared (source excluded),True,,"Recognizable Earth continental coastlines, including Americas or Africa/Mediterranean.",False,False,f2381340d8f21912d76497609d1afbaa899aeca001c4362a24d937940c337095
P22-16,Gaia A — Balanced Habitable World,Gaia A — Balanced Habitable World 23.png,Gaia A — Balanced Habitable World,rejected,temperate,gaia-balanced,,True,True,True,some polar ice,False,False,False,,Overly soft terrain and unnatural saturated green/blue lighting.,True,True,48315099334b2b0e8366f555a61f0bd038870b7cc43a855afaf6e30c3d370787
P22-17,Gaia A — Balanced Habitable World,Gaia A — Balanced Habitable World 24.png,Gaia A — Balanced Habitable World,rejected,temperate,gaia-balanced,,True,True,True,some polar ice,False,not prepared (source excluded),False,,Flat illustrative map or oversized miniature landform relief conflicts with realistic planet art.,False,False,390ddf1f0197001b74cc2fdc24792147f8f00d0328eb5933f2c961979e66a185
P22-18,Gaia A — Balanced Habitable World,Gaia A — Balanced Habitable World 25.png,Gaia A — Balanced Habitable World,accepted,temperate,gaia-balanced,,True,True,True,False,False,True,False,,,True,True,6b27c00674abde5ebdf2c36e78106aff551a3eda6d9a40261e27a2c62f4e5ab5
P22-19,Gaia A — Balanced Habitable World,Gaia A — Balanced Habitable World 3.png,Gaia A — Balanced Habitable World,accepted,temperate,gaia-balanced,,True,True,True,False,False,True,False,,,True,True,0a4561394e30f583d44349269bddc200399f961bdcfe22f464029c833fc57c5c
P22-20,Gaia A — Balanced Habitable World,Gaia A — Balanced Habitable World 4.png,Gaia A — Balanced Habitable World,rejected,temperate,gaia-balanced,,True,True,True,some polar ice,False,not prepared (source excluded),True,,Closer inspection confirms recognizable Earth-derived continents/coastlines; excluded from alien-world selection.,False,False,ac0136689d69fddcf03c707c9e262acae9db5fe210388ed4928f5add4e6925f6
P22-21,Gaia A — Balanced Habitable World,Gaia A — Balanced Habitable World 5.png,Gaia A — Balanced Habitable World,rejected,temperate,gaia-balanced,,True,True,True,some polar ice,False,not prepared (source excluded),True,,Closer inspection confirms recognizable Earth-derived continents/coastlines; excluded from alien-world selection.,False,False,94d762fba8e8b5b1d09957c637cef357189db7f7d9789bb0f5909d8b4e53d05b
P22-22,Gaia A — Balanced Habitable World,Gaia A — Balanced Habitable World 6.png,Gaia A — Balanced Habitable World,accepted,temperate,gaia-balanced,,True,True,True,False,False,True,False,,,True,True,820a174c016319e70ce3ba87710b1497f25d8c32b6a1276189c3e1c82396ff69
P22-23,Gaia A — Balanced Habitable World,Gaia A — Balanced Habitable World 7.png,Gaia A — Balanced Habitable World,accepted,temperate,gaia-balanced,,True,True,True,False,False,True,False,,,True,True,1680dec7eb496df62a0c6e11d22d2320983a1ed94aa58f3a16943ee5e7e6963d
P22-24,Gaia A — Balanced Habitable World,Gaia A — Balanced Habitable World 8.png,Gaia A — Balanced Habitable World,accepted,temperate,gaia-balanced,,True,True,True,False,False,True,False,,,True,True,f4f735ff663b00d1de09bc972e70896876637fb187fa90602671fd80aae0268c
P22-25,Gaia A — Balanced Habitable World,Gaia A — Balanced Habitable World 9.png,Gaia A — Balanced Habitable World,rejected,temperate,gaia-balanced,,True,True,True,some polar ice,False,not prepared (source excluded),True,,"Recognizable Earth continental coastlines, including Americas or Africa/Mediterranean.",False,False,fde10522d1f8066612a716581674b5b0291153f55bb5332bec4c6918894aaf97
P23-01,Gaia B — Island Paradise,Gaia B — Island Paradise 1.png,Gaia B — Island Paradise,accepted,temperate,gaia-islands,,True,True,True,False,False,True,False,,,True,True,fc5ef98572fde0f7cad33dd9e8cffca44bf0739163f6caafd8c8879ceb1accfb
P23-02,Gaia B — Island Paradise,Gaia B — Island Paradise 10.png,Gaia B — Island Paradise,rejected,temperate,gaia-islands,,True,True,True,False,False,False,False,,"Severe baked shadow, glare or dark blur prevents clean planetary albedo.",False,False,b15cd0481402502b72bce1d18c1a9107d8c5540d3ff62fc85eac9e6b6b2a8e2f
P23-03,Gaia B — Island Paradise,Gaia B — Island Paradise 11.png,Gaia B — Island Paradise,accepted,tundra,cold-steppe,,True,True,True,True,False,True,False,"Predominantly dry reddish terrain and patchy cold land, not island paradise.",,True,True,37cd28e92c380c06648335ea5c245da156f677d053b5a97d93e4edfdf6123704
P23-04,Gaia B — Island Paradise,Gaia B — Island Paradise 12.png,Gaia B — Island Paradise,rejected,temperate,gaia-islands,,True,True,True,False,False,not prepared (source excluded),True,,Recognizable Americas or Australia/Indonesia on supposedly alien world.,False,False,ac7a208f33592166ff605381c3e9680643a50d165e69c725a652fa30eda7eb2c
P23-05,Gaia B — Island Paradise,Gaia B — Island Paradise 13.png,Gaia B — Island Paradise,accepted,temperate,gaia-islands,,True,True,True,False,False,True,False,,,True,True,9e9c86ff182b08ce90658e54243edd5d899125b68944647679f08e5ad49f1af1
P23-06,Gaia B — Island Paradise,Gaia B — Island Paradise 14.png,Gaia B — Island Paradise,rejected,temperate,gaia-islands,,True,True,True,False,False,False,False,,"Severe baked shadow, glare or dark blur prevents clean planetary albedo.",False,False,04f54242cffe7409124c6b6691fd4b1cdbda5efa55a5dce536d167db9332c92f
P23-07,Gaia B — Island Paradise,Gaia B — Island Paradise 15.png,Gaia B — Island Paradise,rejected,temperate,gaia-islands,,True,True,True,False,False,not prepared (source excluded),True,,Closer inspection confirms recognizable Earth-derived continents/coastlines; excluded from alien-world selection.,False,False,1b40d7810acdebbf8b57132384cdaf84f4c0e9695bad3cbc6cb16e5d2af3f88a
P23-08,Gaia B — Island Paradise,Gaia B — Island Paradise 16.png,Gaia B — Island Paradise,accepted,temperate,gaia-islands,,True,True,True,False,False,True,False,,,True,True,024b01732694df1084a3808e6de0ff9c2de1e6087e2c38a2f7c270defb5418af
P23-09,Gaia B — Island Paradise,Gaia B — Island Paradise 17.png,Gaia B — Island Paradise,accepted,temperate,gaia-islands,,True,True,True,False,False,True,False,,,True,True,8146f264b4be69fe3eb065fae60dfe6185e01fe7ad2deb82c4129b36885a0394
P23-10,Gaia B — Island Paradise,Gaia B — Island Paradise 18.png,Gaia B — Island Paradise,accepted,temperate,gaia-islands,,True,True,True,False,False,True,False,,,True,True,7557f754b9a622ce0f46bf64c465d703524f8388822383fad19bde7a3ca63df2
P23-11,Gaia B — Island Paradise,Gaia B — Island Paradise 19.png,Gaia B — Island Paradise,accepted,temperate,gaia-islands,,True,True,True,False,False,True,False,,,True,True,7e7abb49e46a645fe420f842f578035401a2ca7ae7f1a09f9bb6c42cacbd2296
P23-12,Gaia B — Island Paradise,Gaia B — Island Paradise 2.png,Gaia B — Island Paradise,rejected,temperate,gaia-islands,,True,True,True,False,False,not prepared (source excluded),True,,Recognizable Americas or Australia/Indonesia on supposedly alien world.,False,False,830ed2a12fa294f49ff797725a59a261db03ba5735253d598fc4767b1b1a8ebb
P23-13,Gaia B — Island Paradise,Gaia B — Island Paradise 20.png,Gaia B — Island Paradise,rejected,temperate,gaia-islands,,True,True,True,False,False,not prepared (source excluded),True,,Closer inspection confirms recognizable Earth-derived continents/coastlines; excluded from alien-world selection.,False,False,21ee83181ecefc8f3cc8f7a46bc677b2d7ba4199cdb573c1fa3363582061c2d4
P23-14,Gaia B — Island Paradise,Gaia B — Island Paradise 21.png,Gaia B — Island Paradise,rejected,temperate,gaia-islands,,True,True,True,False,False,False,False,,"Severe baked shadow, glare or dark blur prevents clean planetary albedo.",False,False,245138115dc110c5237a7277e0fd450994b2f0de4145eeea1f4972db0b21e680
P23-15,Gaia B — Island Paradise,Gaia B — Island Paradise 22.png,Gaia B — Island Paradise,accepted,temperate,gaia-islands,,True,True,True,False,False,True,False,,,True,True,d57d8d1d4da633c57596dca2b965b23d9c0f9028fd405981cbec8bd14fb3ada7
P23-16,Gaia B — Island Paradise,Gaia B — Island Paradise 23.png,Gaia B — Island Paradise,accepted,temperate,gaia-islands,,True,True,True,False,False,True,False,,,True,True,50c30d4a7f83ffd396f961df5a03c5fa9881f0d7a0271afff677beef704c4eb4
P23-17,Gaia B — Island Paradise,Gaia B — Island Paradise 3.png,Gaia B — Island Paradise,accepted,temperate,gaia-islands,,True,True,True,False,False,True,False,,,True,True,f07e4c4926137ca869cf45485f60552a327f1c19e9df15a8100bfc4155d36ddc
P23-18,Gaia B — Island Paradise,Gaia B — Island Paradise 4.png,Gaia B — Island Paradise,accepted,temperate,gaia-islands,,True,True,True,False,False,True,False,,,True,True,87bf2ba5f3d3e96175a8cb915d195cea32e7e7b5225dd0f49b958d342e8246dd
P23-19,Gaia B — Island Paradise,Gaia B — Island Paradise 5.png,Gaia B — Island Paradise,accepted,temperate,gaia-islands,,True,True,True,False,False,True,False,,,True,True,759fb061b3442d0103cbdfa5c03490037949158607414e183e3076f30c0ad84a
P23-20,Gaia B — Island Paradise,Gaia B — Island Paradise 6.png,Gaia B — Island Paradise,accepted,greenhouse,green-chemical,,True,False,False,False,False,True,False,Opaque green cloud envelope; surface islands and water are not established.,,True,True,e09baf5ed7ed79a8757a1a24a9f227ba267451eaa6a376d5e349a7cc32cb35c3
P23-21,Gaia B — Island Paradise,Gaia B — Island Paradise 7.png,Gaia B — Island Paradise,rejected,temperate,gaia-islands,,True,True,True,False,False,False,False,,"Severe baked shadow, glare or dark blur prevents clean planetary albedo.",False,False,d331af647fb233457262129430d28635ac897c6aa8a635fa7c20432bcc75fb56
P23-22,Gaia B — Island Paradise,Gaia B — Island Paradise 8.png,Gaia B — Island Paradise,rejected,temperate,gaia-islands,,True,True,True,False,False,False,False,,"Severe baked shadow, glare or dark blur prevents clean planetary albedo.",False,False,612e7581656ad55655f4635149783bdab4bca51ea4d67c1a4deda37488dd0b8c
P23-23,Gaia B — Island Paradise,Gaia B — Island Paradise 9.png,Gaia B — Island Paradise,rejected,temperate,gaia-islands,,True,True,True,False,False,False,False,,Persistent colored limb glare or dark lighting strip visible during rotation.,True,True,a345c74f8fa829e5c0f72ecafb28977015d3d49daa601ca210daa1b7d8237341
P24-01,Gaia C — Supercontinent World,Gaia C — Supercontinent World 1.png,Gaia C — Supercontinent World,accepted,temperate,gaia-supercontinent,,True,True,True,False,False,True,False,,,True,True,00f61432ffcfed773142b833a3a08ce3b388b00ead746966d641bba4977c873f
P24-02,Gaia C — Supercontinent World,Gaia C — Supercontinent World 10.png,Gaia C — Supercontinent World,rejected,temperate,gaia-supercontinent,,True,True,True,some polar ice,False,False,False,,Persistent colored limb glare or dark lighting strip visible during rotation.,True,True,216c52350ee88f62dd10afefbc249ea88b8656123d619ff2144e350dac7cec12
P24-03,Gaia C — Supercontinent World,Gaia C — Supercontinent World 11.png,Gaia C — Supercontinent World,rejected,temperate,gaia-supercontinent,,True,True,True,some polar ice,False,False,False,,"Converted coastlines read as flat graphic branching shapes, lacking plausible planetary surface detail.",True,True,3f151a5564fd78beb1fa533da4e164c3f8e2ee8eeac018e2e8bf8bca6c8ddb15
P24-04,Gaia C — Supercontinent World,Gaia C — Supercontinent World 12.png,Gaia C — Supercontinent World,rejected,temperate,gaia-supercontinent,,True,True,True,some polar ice,False,not prepared (source excluded),True,,Closer inspection confirms recognizable Earth-derived continents/coastlines; excluded from alien-world selection.,False,False,902d52298b6385da86d351fcb44d312c78738c46e5d59e3f9ec3e5d74eb02ac3
P24-05,Gaia C — Supercontinent World,Gaia C — Supercontinent World 13.png,Gaia C — Supercontinent World,accepted,temperate,gaia-supercontinent,,True,True,True,False,False,True,False,,,True,True,26e85999b71f14b866a64703edf833aa1b9b814164884ad8cebd72d817974a84
P24-06,Gaia C — Supercontinent World,Gaia C — Supercontinent World 14.png,Gaia C — Supercontinent World,accepted,temperate,gaia-supercontinent,,True,True,True,False,False,True,False,,,True,True,e5f13d2bcfa116d1f9d3287c4f21dac0b1cd6f26f59439713c8957ddc866cf47
P24-07,Gaia C — Supercontinent World,Gaia C — Supercontinent World 15.png,Gaia C — Supercontinent World,rejected,temperate,gaia-supercontinent,,True,True,True,some polar ice,False,False,False,,Persistent colored limb glare or dark lighting strip visible during rotation.,True,True,2d311b5f68a68a859909a9d332b8018fde2f9ba4550b78e9017faeed7d3bc65c
P24-08,Gaia C — Supercontinent World,Gaia C — Supercontinent World 16.png,Gaia C — Supercontinent World,accepted,temperate,gaia-supercontinent,,True,True,True,False,False,True,False,,,True,True,ba5938b1237a8e6248bb606c2cdd4a8f7c950a43b0478bb4f52c4efd6fe40b3a
P24-09,Gaia C — Supercontinent World,Gaia C — Supercontinent World 17.png,Gaia C — Supercontinent World,rejected,temperate,gaia-supercontinent,,True,True,True,some polar ice,False,False,False,,Persistent colored limb glare or dark lighting strip visible during rotation.,True,True,31f25db2946284f3ef9987ef14fc4423b110524038cb9c98d131d645c290a2f0
P24-10,Gaia C — Supercontinent World,Gaia C — Supercontinent World 18.png,Gaia C — Supercontinent World,accepted,temperate,gaia-supercontinent,,True,True,True,False,False,True,False,,,True,True,5a3979d396c03a4c8c764641b22d99c493863bbad78252ddc73d7245f7925653
P24-11,Gaia C — Supercontinent World,Gaia C — Supercontinent World 19.png,Gaia C — Supercontinent World,rejected,temperate,gaia-supercontinent,,True,True,True,some polar ice,False,not prepared (source excluded),False,,Low-detail hazy surface and deep baked right hemisphere.,False,False,78ab911d321d5a853ab72395a3eebfbad494aa0cc4bd0dbbeb2c1251b6a03644
P24-12,Gaia C — Supercontinent World,Gaia C — Supercontinent World 2.png,Gaia C — Supercontinent World,rejected,temperate,gaia-supercontinent,,True,True,True,some polar ice,False,not prepared (source excluded),False,,Overscaled elevated coastal wall and model-like relief is implausible from orbit.,False,False,2001ce36419c6b0854fc08b014fe3201d0227ae826a633ca3059601ada36c6e7
P24-13,Gaia C — Supercontinent World,Gaia C — Supercontinent World 20.png,Gaia C — Supercontinent World,rejected,temperate,gaia-supercontinent,,True,True,True,some polar ice,False,not prepared (source excluded),True,,Closer inspection confirms recognizable Earth-derived continents/coastlines; excluded from alien-world selection.,False,False,a2ddd1bbc2bbe516f381581b050af72a07862ffca56cf05b877fd200b0a8bf63
P24-14,Gaia C — Supercontinent World,Gaia C — Supercontinent World 21.png,Gaia C — Supercontinent World,accepted,temperate,gaia-supercontinent,,True,True,True,False,False,True,False,,,True,True,8900628c75c60a946145fc7679f40b81857f33149992d46eb399ce62996aa83c
P24-15,Gaia C — Supercontinent World,Gaia C — Supercontinent World 22.png,Gaia C — Supercontinent World,accepted,temperate,gaia-supercontinent,,True,True,True,False,False,True,False,,,True,True,30f4d4a791007b1296b587db5683ad8aeab14162285454c98dba0c4f6d89b897
P24-16,Gaia C — Supercontinent World,Gaia C — Supercontinent World 23.png,Gaia C — Supercontinent World,accepted,temperate,gaia-supercontinent,,True,True,True,False,False,True,False,,,True,True,4a2705bb6de311a069d8b335bf2a9b1279bb96cbac487613ca69a9c38aeaf254
P24-17,Gaia C — Supercontinent World,Gaia C — Supercontinent World 24.png,Gaia C — Supercontinent World,rejected,temperate,gaia-supercontinent,,True,True,True,some polar ice,False,not prepared (source excluded),True,,Closer inspection confirms recognizable Earth-derived continents/coastlines; excluded from alien-world selection.,False,False,153cc473d746e3d8cbfb5a8b6447b503f9bd53e285326bed0354b7d97e570207
P24-18,Gaia C — Supercontinent World,Gaia C — Supercontinent World 25.png,Gaia C — Supercontinent World,accepted,temperate,gaia-supercontinent,,True,True,True,False,False,True,False,,,True,True,b02445297fafb519062c5391dbda76e1b1a963ed12cbe42a30a3984f3b04cc73
P24-19,Gaia C — Supercontinent World,Gaia C — Supercontinent World 26.png,Gaia C — Supercontinent World,rejected,temperate,gaia-supercontinent,,True,True,True,some polar ice,False,not prepared (source excluded),True,,"Clear Africa, Mediterranean, Arabia and neighboring Earth coastlines.",False,False,c3aab198ea9ee93803b1e727466705ce289cea5774b75d45be2537a310f8ddac
P24-20,Gaia C — Supercontinent World,Gaia C — Supercontinent World 3.png,Gaia C — Supercontinent World,accepted,temperate,gaia-supercontinent,,True,True,True,False,False,True,False,,,True,True,5428ece759b15925e99930bc062c049f3b2779bed76fc1ece743b123773dd469
P24-21,Gaia C — Supercontinent World,Gaia C — Supercontinent World 4.png,Gaia C — Supercontinent World,rejected,temperate,gaia-supercontinent,,True,True,True,some polar ice,False,False,False,,Persistent colored limb glare or dark lighting strip visible during rotation.,True,True,75d137c968237cc69cc47301b3b624c0976c8f896f080af4fcd712becd1ec5f8
P24-22,Gaia C — Supercontinent World,Gaia C — Supercontinent World 5.png,Gaia C — Supercontinent World,accepted,temperate,gaia-supercontinent,,True,True,True,False,False,True,False,,,True,True,ff1a111f99fce2d02f8efc8eeb45e5538d224c8dd69a9feae04c87ef505df0e9
P24-23,Gaia C — Supercontinent World,Gaia C — Supercontinent World 6.png,Gaia C — Supercontinent World,accepted,temperate,gaia-supercontinent,,True,True,True,False,False,True,False,,,True,True,6e41c845a8e5a09e96d2c52f0bdabd69db3b897a6bf0ad73198598803608e29e
P24-24,Gaia C — Supercontinent World,Gaia C — Supercontinent World 7.png,Gaia C — Supercontinent World,accepted,temperate,gaia-supercontinent,,True,True,True,False,False,True,False,,,True,True,6dd909f6b037497c853ef92a23e8210eb96799f6d3bfa33608279e2745cd86c6
P24-25,Gaia C — Supercontinent World,Gaia C — Supercontinent World 8.png,Gaia C — Supercontinent World,rejected,temperate,gaia-supercontinent,,True,True,True,some polar ice,False,False,False,,Persistent colored limb glare or dark lighting strip visible during rotation.,True,True,bf3ed67ce976de12d6d079a60e832c1b22f459ac195cf43763b5625293f45bef
P24-26,Gaia C — Supercontinent World,Gaia C — Supercontinent World 9.png,Gaia C — Supercontinent World,accepted,temperate,gaia-supercontinent,,True,True,True,False,False,True,False,,,True,True,d3c982267927ab5b24479e3e453fdd18ecea450ef6b2b60d22694b18ec4e0e4b
P25-01,Inferno A — Fractured Lava World,Inferno A — Fractured Lava World 1.png,Inferno A — Fractured Lava World,accepted,volcanic,fractured-lava,,False,False,False,False,True,True,False,,,True,True,9ac987b99e22d5466bba5913a2b7b5da9d84bf53c9628cc5fc1586d13e1fb8b5
P25-02,Inferno A — Fractured Lava World,Inferno A — Fractured Lava World 10.png,Inferno A — Fractured Lava World,accepted,volcanic,fractured-lava,,False,False,False,False,True,True,False,,,True,True,2fb101bf22c8968a793488e514f60f6ac1710d7ab14ef9c0bd6db2c2518b531f
P25-03,Inferno A — Fractured Lava World,Inferno A — Fractured Lava World 11.png,Inferno A — Fractured Lava World,accepted,volcanic,fractured-lava,,False,False,False,False,True,True,False,,,True,True,5276c331a3e6ea62c396e5941c20997d4e018c9cc989678e0df7f3327f4577fb
P25-04,Inferno A — Fractured Lava World,Inferno A — Fractured Lava World 12.png,Inferno A — Fractured Lava World,accepted,volcanic,fractured-lava,,False,False,False,False,True,True,False,,,True,True,4a946fee7ef74629d455632bc4b49d05b0e621addfe16b79300775fe7b2f553e
P25-05,Inferno A — Fractured Lava World,Inferno A — Fractured Lava World 13.png,Inferno A — Fractured Lava World,rejected,volcanic,fractured-lava,,False,False,False,False,True,False,False,,Material preparation retained excessive unrecoverable darkness or clipped highlights.,False,False,a7932923ce660cefa67584518b53fb26dbaef50fd908cdee86d7ea4ec944ef85
P25-06,Inferno A — Fractured Lava World,Inferno A — Fractured Lava World 14.png,Inferno A — Fractured Lava World,accepted,volcanic,fractured-lava,,False,False,False,False,True,True,False,,,True,True,4b76c8981dcf6569e631d39bb381ef44c869e194496f6af12239e1b47a01f2ec
P25-07,Inferno A — Fractured Lava World,Inferno A — Fractured Lava World 15.png,Inferno A — Fractured Lava World,accepted,volcanic,fractured-lava,,False,False,False,False,True,True,False,,,True,True,134662a76fb3cc2963e9f0bd70949c8c970c16b7d283cd569cb457b1b59efdfc
P25-08,Inferno A — Fractured Lava World,Inferno A — Fractured Lava World 16.png,Inferno A — Fractured Lava World,accepted,volcanic,fractured-lava,,False,False,False,False,True,True,False,,,True,True,59c3d594451502294fa506177e315365b6378f6bd4163425cc8d767afc8fd43e
P25-09,Inferno A — Fractured Lava World,Inferno A — Fractured Lava World 17.png,Inferno A — Fractured Lava World,rejected,volcanic,fractured-lava,,False,False,False,False,True,not prepared (source excluded),False,,Repeated large vortex/crater rings look artificially duplicated.,False,False,cdfd87f7a9b0897ac83d687cec710a71ecb25fec09b5e3aac35e5710eaa593ff
P25-10,Inferno A — Fractured Lava World,Inferno A — Fractured Lava World 18.png,Inferno A — Fractured Lava World,accepted,volcanic,fractured-lava,,False,False,False,False,True,True,False,,,True,True,7385ffed9e6c1e6d4327d1f66dc156d057dbe99255c6dc7c2825d842f4adf306
P25-11,Inferno A — Fractured Lava World,Inferno A — Fractured Lava World 19.png,Inferno A — Fractured Lava World,accepted,volcanic,fractured-lava,,False,False,False,False,True,True,False,,,True,True,bba6c188a1980144914805d5f166cb81f4cbe8311135d35113d927010577f744
P25-12,Inferno A — Fractured Lava World,Inferno A — Fractured Lava World 2.png,Inferno A — Fractured Lava World,accepted,volcanic,fractured-lava,,False,False,False,False,True,True,False,,,True,True,5e300c2d27759b6720d008b16b2a3ea0d23e9d01e39cce335112fe54fe6e66a6
P25-13,Inferno A — Fractured Lava World,Inferno A — Fractured Lava World 20.png,Inferno A — Fractured Lava World,accepted,volcanic,fractured-lava,,False,False,False,False,True,True,False,,,True,True,efa947a78b9323942d85f465cc3fe2a1bed75da6abd79ca62db393b813e4aa4a
P25-14,Inferno A — Fractured Lava World,Inferno A — Fractured Lava World 21.png,Inferno A — Fractured Lava World,accepted,volcanic,fractured-lava,,False,False,False,False,True,True,False,,,True,True,dc378b75d8a5345b0b9f1c99cca0e0c03e20ced7a48f4bb24cda8244c3976475
P25-15,Inferno A — Fractured Lava World,Inferno A — Fractured Lava World 22.png,Inferno A — Fractured Lava World,rejected,volcanic,fractured-lava,,False,False,False,False,True,False,False,,Material preparation retained excessive unrecoverable darkness or clipped highlights.,False,False,98ac81bcbc98dabfcaa01398c49303ca447df33a107fbc6e22e4b03c844e2a21
P25-16,Inferno A — Fractured Lava World,Inferno A — Fractured Lava World 23.png,Inferno A — Fractured Lava World,accepted,volcanic,fractured-lava,,False,False,False,False,True,True,False,,,True,True,f61597a82f3725d25cd8da4c5d743b5db1a2942bfbd2d80b4630f0dd17474f28
P25-17,Inferno A — Fractured Lava World,Inferno A — Fractured Lava World 3.png,Inferno A — Fractured Lava World,rejected,volcanic,fractured-lava,,False,False,False,False,True,False,False,,Material preparation retained excessive unrecoverable darkness or clipped highlights.,False,False,aeb749e118d2b0adffb32c9ef60bffd2656fb320936e832da09dcd5044aa8d73
P25-18,Inferno A — Fractured Lava World,Inferno A — Fractured Lava World 4.png,Inferno A — Fractured Lava World,accepted,volcanic,fractured-lava,,False,False,False,False,True,True,False,,,True,True,5f6f8a36ccabd96f0f5f9eab9792c5722a9d1e4baf082e6297f91cf6b1a784cd
P25-19,Inferno A — Fractured Lava World,Inferno A — Fractured Lava World 5.png,Inferno A — Fractured Lava World,accepted,volcanic,fractured-lava,,False,False,False,False,True,True,False,,,True,True,2d17e613dc44fd178433a33a0ec9eae945bad461e789f8762367e0bed988f50e
P25-20,Inferno A — Fractured Lava World,Inferno A — Fractured Lava World 6.png,Inferno A — Fractured Lava World,rejected,volcanic,fractured-lava,,False,False,False,False,True,not prepared (source excluded),False,,Overscaled protruding dark crater and distorted silhouette.,False,False,1c5306a34de03751cdb425e03540b43ed9332311bdb835d8cba7447be116b1f6
P25-21,Inferno A — Fractured Lava World,Inferno A — Fractured Lava World 7.png,Inferno A — Fractured Lava World,accepted,volcanic,fractured-lava,,False,False,False,False,True,True,False,,,True,True,c2aa1b57af26f2a38cb62bab87874afb321db35d5eabc9af631c1e9e374cb4d2
P25-22,Inferno A — Fractured Lava World,Inferno A — Fractured Lava World 8.png,Inferno A — Fractured Lava World,accepted,volcanic,fractured-lava,,False,False,False,False,True,True,False,,,True,True,65fd0fccd1e18e5bf2c1ef57a258c7c19403858f6fd494ad61c25971a5d458b3
P25-23,Inferno A — Fractured Lava World,Inferno A — Fractured Lava World 9.png,Inferno A — Fractured Lava World,accepted,volcanic,fractured-lava,,False,False,False,False,True,True,False,,,True,True,caccd69226af85a832a9672702808a11e0245c3ccaecf9136a390cb55fd24e52
P26-01,Inferno B — Magma Ocean World,Inferno B — Magma Ocean World 1.png,Inferno B — Magma Ocean World,rejected,volcanic,magma-ocean,,False,False,False,False,True,not prepared (source excluded),True,,Earth continental shapes recognizable in dark crust over molten seas.,False,False,4532d3e9c9175d8a103a2a38eed0117772253f5b4cdb5222e9ccca582592ead6
P26-02,Inferno B — Magma Ocean World,Inferno B — Magma Ocean World 10.png,Inferno B — Magma Ocean World,rejected,volcanic,magma-ocean,,False,False,False,False,True,not prepared (source excluded),False,,Overscaled detached crust/clumps give a miniature decorative sphere appearance.,False,False,b97eff3517a55eb8834d3041759940c1567ecf460a74681afe14bb7ecbcc841b
P26-03,Inferno B — Magma Ocean World,Inferno B — Magma Ocean World 11.png,Inferno B — Magma Ocean World,rejected,volcanic,magma-ocean,,False,False,False,False,True,False,False,,Material preparation retained excessive unrecoverable darkness or clipped highlights.,False,False,aae576827bc7bc96a96dd45bc3a5fea39039b699b61b8fcfb25360c80f527998
P26-04,Inferno B — Magma Ocean World,Inferno B — Magma Ocean World 12.png,Inferno B — Magma Ocean World,rejected,volcanic,magma-ocean,,False,False,False,False,True,False,False,,"Converted surface is excessively soft or clipped, with insufficient convincing surface detail.",True,True,81f5f2164b602748005b04651eb3dd81336c05a9e2540217bfb5db7de6d662ce
P26-05,Inferno B — Magma Ocean World,Inferno B — Magma Ocean World 13.png,Inferno B — Magma Ocean World,accepted,volcanic,magma-ocean,,False,False,False,False,True,True,False,,,True,True,5958e201514167880d10aa7cbbe6b78799e92e80f79d56d3135bc4921e2666d4
P26-06,Inferno B — Magma Ocean World,Inferno B — Magma Ocean World 14.png,Inferno B — Magma Ocean World,rejected,volcanic,magma-ocean,,False,False,False,False,True,not prepared (source excluded),False,,Overscaled detached crust/clumps give a miniature decorative sphere appearance.,False,False,f61f2c11dc1b441072cfbb5f4c823969126d98cbb8e76e3cd28a8a3f92885ba8
P26-07,Inferno B — Magma Ocean World,Inferno B — Magma Ocean World 15.png,Inferno B — Magma Ocean World,rejected,volcanic,magma-ocean,,False,False,False,False,True,False,False,,Material preparation retained excessive unrecoverable darkness or clipped highlights.,False,False,4946614453300c8848b43a6dc39c50bf306d506dd8711b95b7aa12076aa893c8
P26-08,Inferno B — Magma Ocean World,Inferno B — Magma Ocean World 16.png,Inferno B — Magma Ocean World,accepted,volcanic,magma-ocean,,False,False,False,False,True,True,False,,,True,True,93dcfe4003597acb30ac4f40d21fe39dd6f5118b018076486b7ae9cf246845a6
P26-09,Inferno B — Magma Ocean World,Inferno B — Magma Ocean World 17.png,Inferno B — Magma Ocean World,rejected,volcanic,magma-ocean,,False,False,False,False,True,False,False,,Material preparation retained excessive unrecoverable darkness or clipped highlights.,False,False,429a0ccedf7b03230a4dbb2366205da12898427c4e0d527eca318b28783e8564
P26-10,Inferno B — Magma Ocean World,Inferno B — Magma Ocean World 18.png,Inferno B — Magma Ocean World,rejected,volcanic,magma-ocean,,False,False,False,False,True,False,False,,Material preparation retained excessive unrecoverable darkness or clipped highlights.,False,False,bfcfca3f63c30a90c73b508cc1999f58862cfc9446bfd5c6dada976a1a75ddb5
P26-11,Inferno B — Magma Ocean World,Inferno B — Magma Ocean World 19.png,Inferno B — Magma Ocean World,accepted,volcanic,magma-ocean,,False,False,False,False,True,True,False,,,True,True,d5df4155eb1059cf6c6bf5513efc0d0f4d2d12b333dd82cf164ff0fb9495d039
P26-12,Inferno B — Magma Ocean World,Inferno B — Magma Ocean World 2.png,Inferno B — Magma Ocean World,accepted,volcanic,magma-ocean,,False,False,False,False,True,True,False,,,True,True,4bc9c24f516404e2402bf4d6b52d2ec986bf5ff1967f2fc1d79dc803c7ec256a
P26-13,Inferno B — Magma Ocean World,Inferno B — Magma Ocean World 20.png,Inferno B — Magma Ocean World,rejected,volcanic,magma-ocean,,False,False,False,False,True,not prepared (source excluded),True,,Earth continental shapes recognizable in dark crust over molten seas.,False,False,9c9dc2a9c0af6d1e779b1543cce81e9465e03e1668e3cd2f533365f41f724d29
P26-14,Inferno B — Magma Ocean World,Inferno B — Magma Ocean World 21.png,Inferno B — Magma Ocean World,rejected,volcanic,magma-ocean,,False,False,False,False,True,not prepared (source excluded),True,,Earth continental shapes recognizable in dark crust over molten seas.,False,False,8e82baef2a259f1e305800303586a3600bb45372b10e23c15079f86d7d49cea7
P26-15,Inferno B — Magma Ocean World,Inferno B — Magma Ocean World 22.png,Inferno B — Magma Ocean World,rejected,volcanic,magma-ocean,,False,False,False,False,True,False,False,,Material preparation retained excessive unrecoverable darkness or clipped highlights.,False,False,6f1003334bd93a1cab4fba84977f440ddd4094ee6b2e2937ba4a967566ae65f1
P26-16,Inferno B — Magma Ocean World,Inferno B — Magma Ocean World 3.png,Inferno B — Magma Ocean World,rejected,volcanic,magma-ocean,,False,False,False,False,True,not prepared (source excluded),False,,Overscaled detached crust/clumps give a miniature decorative sphere appearance.,False,False,17114c02503175a70356355f7566f8b4afac906efb4691e3ef9b4bd7958a1bbe
P26-17,Inferno B — Magma Ocean World,Inferno B — Magma Ocean World 4.png,Inferno B — Magma Ocean World,accepted,volcanic,magma-ocean,,False,False,False,False,True,True,False,,,True,True,bf13f8b8c5613f04e8cb1429fe400f6518b2aed898a351eb91014b8b3c775a73
P26-18,Inferno B — Magma Ocean World,Inferno B — Magma Ocean World 5.png,Inferno B — Magma Ocean World,accepted,volcanic,magma-ocean,,False,False,False,False,True,True,False,,,True,True,09b0c72b497a3de3f0f16fb42c3b89512d8973342916f3538b8c981fb7ff120a
P26-19,Inferno B — Magma Ocean World,Inferno B — Magma Ocean World 6.png,Inferno B — Magma Ocean World,rejected,volcanic,magma-ocean,,False,False,False,False,True,False,False,,Material preparation retained excessive unrecoverable darkness or clipped highlights.,False,False,38a8a7f0a24e9766d6553b156b1231c0204c1bb8bf0e392d7de589d4dcd42be6
P26-20,Inferno B — Magma Ocean World,Inferno B — Magma Ocean World 7.png,Inferno B — Magma Ocean World,accepted,volcanic,magma-ocean,,False,False,False,False,True,True,False,,,True,True,34e1fd8c3f961e2ca78bb667a40cc4ff12a3df53fd29ae9d751c699553fd4fcb
P26-21,Inferno B — Magma Ocean World,Inferno B — Magma Ocean World 8.png,Inferno B — Magma Ocean World,accepted,volcanic,magma-ocean,,False,False,False,False,True,True,False,,,True,True,f19f7d660435acc3d531270d3d55231e4e8f40b90ca5d0d3bef5ef5061210cd7
P26-22,Inferno B — Magma Ocean World,Inferno B — Magma Ocean World 9.png,Inferno B — Magma Ocean World,accepted,volcanic,magma-ocean,,False,False,False,False,True,True,False,,,True,True,3c3d0035c6dab6dbf201942cbaab85907886b20d3b1872aeed06694e6ff696f3
P27-01,Inferno C — Sulfur Hell World,Inferno C — Sulfur Hell World 1.png,Inferno C — Sulfur Hell World,rejected,volcanic,magma-ocean,,some haze,False,False,False,localized or dormant,False,False,"Global molten emission dominates, rather than primarily sulfur-coated solid crust.",Material preparation retained excessive unrecoverable darkness or clipped highlights.,False,False,17f11355b2f94f4233b6186b56528e0de5dbd1fe05456260d6f6f58760f7fed9
P27-02,Inferno C — Sulfur Hell World,Inferno C — Sulfur Hell World 10.png,Inferno C — Sulfur Hell World,rejected,volcanic,sulfur-inferno,,some haze,False,False,False,localized or dormant,not prepared (source excluded),False,,Flat graphic or decorative swirling/cracked sphere is inconsistent with realistic planetary terrain.,False,False,98d01124819786466c493fb3df7510d73e87c5c5a775439dfa52ae75f9bc9d10
P27-03,Inferno C — Sulfur Hell World,Inferno C — Sulfur Hell World 11.png,Inferno C — Sulfur Hell World,rejected,volcanic,sulfur-inferno,,some haze,False,False,False,localized or dormant,not prepared (source excluded),False,,Flat graphic or decorative swirling/cracked sphere is inconsistent with realistic planetary terrain.,False,False,6a3b3a20db4df29b7b8bedc06382acd5d3eefe7e5746d577ed4d4043dbb2c606
P27-04,Inferno C — Sulfur Hell World,Inferno C — Sulfur Hell World 12.png,Inferno C — Sulfur Hell World,accepted,volcanic,sulfur-volcanic,,some haze,False,False,False,localized or dormant,True,False,Yellow mineral crust with little visible global magma; use localized activity instead of a globally molten temperature.,,True,True,3ce31e17ec2a1ffe58f6de7f703a0d4d4c64c657e7b5347e6091949a17e50261
P27-05,Inferno C — Sulfur Hell World,Inferno C — Sulfur Hell World 13.png,Inferno C — Sulfur Hell World,accepted,volcanic,sulfur-volcanic,,some haze,False,False,False,localized or dormant,True,False,Yellow mineral crust with little visible global magma; use localized activity instead of a globally molten temperature.,,True,True,18cdc76ee70790618b5f954827d555b9327eb1adefe98c408223a19340e81445
P27-06,Inferno C — Sulfur Hell World,Inferno C — Sulfur Hell World 14.png,Inferno C — Sulfur Hell World,rejected,volcanic,sulfur-volcanic,,some haze,False,False,False,localized or dormant,False,False,Yellow mineral crust with little visible global magma; use localized activity instead of a globally molten temperature.,Persistent colored limb glare or baked shadow strip remains visible during rotation.,True,True,6b89adbc0ed305234d5f5f5d4d5dbe3db2d188f758bf709050ade9734b28b392
P27-07,Inferno C — Sulfur Hell World,Inferno C — Sulfur Hell World 15.png,Inferno C — Sulfur Hell World,rejected,volcanic,sulfur-inferno,,some haze,False,False,False,localized or dormant,not prepared (source excluded),False,,Flat graphic or decorative swirling/cracked sphere is inconsistent with realistic planetary terrain.,False,False,01c3ff0903f304cb22c268887e515831b602e84fb19ed8cffd9a789f794b9a71
P27-08,Inferno C — Sulfur Hell World,Inferno C — Sulfur Hell World 16.png,Inferno C — Sulfur Hell World,accepted,volcanic,sulfur-volcanic,,some haze,False,False,False,localized or dormant,True,False,Yellow mineral crust with little visible global magma; use localized activity instead of a globally molten temperature.,,True,True,d965c784328902fd0568b6497ed2e0895902d63e065a2d4b6b080a13a90c3e3a
P27-09,Inferno C — Sulfur Hell World,Inferno C — Sulfur Hell World 17.png,Inferno C — Sulfur Hell World,accepted,volcanic,sulfur-inferno,,some haze,False,False,False,localized or dormant,True,False,,,True,True,e266e1b2f54b6a0dbf13d93d2166fe84563fd4828bff9fe5dc567cf132c48767
P27-10,Inferno C — Sulfur Hell World,Inferno C — Sulfur Hell World 18.png,Inferno C — Sulfur Hell World,accepted,volcanic,sulfur-inferno,,some haze,False,False,False,localized or dormant,True,False,,,True,True,7939f4d520d711ff61f02480b67ec0e2bd04602921722d945f2003220021a43d
P27-11,Inferno C — Sulfur Hell World,Inferno C — Sulfur Hell World 19.png,Inferno C — Sulfur Hell World,rejected,volcanic,sulfur-volcanic,,some haze,False,False,False,localized or dormant,False,False,Yellow mineral crust with little visible global magma; use localized activity instead of a globally molten temperature.,Persistent colored limb glare or baked shadow strip remains visible during rotation.,True,True,4248b8f3c2ad0feabbc28a5fe30b555f8c635325f1f0126797f49d742f74ef33
P27-12,Inferno C — Sulfur Hell World,Inferno C — Sulfur Hell World 2.png,Inferno C — Sulfur Hell World,accepted,volcanic,sulfur-volcanic,,some haze,False,False,False,localized or dormant,True,False,Yellow mineral crust with little visible global magma; use localized activity instead of a globally molten temperature.,,True,True,63880aebedc23133e70c9cb358ee5e57f43b7e53162224104b33bd403da5449a
P27-13,Inferno C — Sulfur Hell World,Inferno C — Sulfur Hell World 20.png,Inferno C — Sulfur Hell World,rejected,volcanic,sulfur-volcanic,,some haze,False,False,False,localized or dormant,False,False,Yellow mineral crust with little visible global magma; use localized activity instead of a globally molten temperature.,"Converted surface is excessively soft or clipped, with insufficient convincing surface detail.",True,True,e464dbbf50cc7a477ebf27dda336a1fb84faad1ee9d817c285db73798f57aa12
P27-14,Inferno C — Sulfur Hell World,Inferno C — Sulfur Hell World 3.png,Inferno C — Sulfur Hell World,accepted,volcanic,sulfur-volcanic,,some haze,False,False,False,localized or dormant,True,False,Yellow mineral crust with little visible global magma; use localized activity instead of a globally molten temperature.,,True,True,978cfdf64831bb94950359e192abed0ee5285cb5b24d7ece980ad6235ac5fdf0
P27-15,Inferno C — Sulfur Hell World,Inferno C — Sulfur Hell World 4.png,Inferno C — Sulfur Hell World,accepted,volcanic,sulfur-volcanic,,some haze,False,False,False,localized or dormant,True,False,Yellow mineral crust with little visible global magma; use localized activity instead of a globally molten temperature.,,True,True,581451a1a3c7ec4742589a2a5be688dcb3ad9f9c7be38852e3d7b8cd741b2acd
P27-16,Inferno C — Sulfur Hell World,Inferno C — Sulfur Hell World 5.png,Inferno C — Sulfur Hell World,rejected,volcanic,magma-ocean,,some haze,False,False,False,localized or dormant,False,False,"Global molten emission dominates, rather than primarily sulfur-coated solid crust.",Material preparation retained excessive unrecoverable darkness or clipped highlights.,False,False,2b1b071433099ae29e5ea9d3603ee397107146cc7138638dbcaf3689491c3546
P27-17,Inferno C — Sulfur Hell World,Inferno C — Sulfur Hell World 6.png,Inferno C — Sulfur Hell World,accepted,volcanic,magma-ocean,,some haze,False,False,False,localized or dormant,True,False,"Global molten emission dominates, rather than primarily sulfur-coated solid crust.",,True,True,727c07a5dae46a13ec5b31eb1f985cf3803fbc9bb09feb52268b187688ba6621
P27-18,Inferno C — Sulfur Hell World,Inferno C — Sulfur Hell World 7.png,Inferno C — Sulfur Hell World,accepted,volcanic,sulfur-inferno,,some haze,False,False,False,localized or dormant,True,False,,,True,True,d8322abb36345a5ce56ae6438253921a640cb177f0546beffc9fb14204cfca1a
P27-19,Inferno C — Sulfur Hell World,Inferno C — Sulfur Hell World 8.png,Inferno C — Sulfur Hell World,rejected,volcanic,sulfur-volcanic,,some haze,False,False,False,localized or dormant,False,False,Yellow mineral crust with little visible global magma; use localized activity instead of a globally molten temperature.,Persistent colored limb glare or baked shadow strip remains visible during rotation.,True,True,0cad1356982eb10e4f0e3cdd4de584fddfbc62f02870417db96cd3d86f228207
P27-20,Inferno C — Sulfur Hell World,Inferno C — Sulfur Hell World 9.png,Inferno C — Sulfur Hell World,rejected,volcanic,sulfur-inferno,,some haze,False,False,False,localized or dormant,not prepared (source excluded),False,,Oversized protruding boulder-like mounds on planetary surface.,False,False,1651dadc28c1626249b4c0b1b3f072c05f354493e11a6bbef0b71a0d920c724a
P28-01,Jungle A — Rainforest Supercontinent,Jungle A — Rainforest Supercontinent 1.png,Jungle A — Rainforest Supercontinent,accepted,temperate,jungle-supercontinent,,True,True,True,False,False,True,False,,,True,True,5f2b4ed89e78064b0b184a6fa9c2539cbc63194646a5d67fdac242bc525c292a
P28-02,Jungle A — Rainforest Supercontinent,Jungle A — Rainforest Supercontinent 10.png,Jungle A — Rainforest Supercontinent,rejected,temperate,jungle-supercontinent,,True,True,True,False,False,not prepared (source excluded),False,,Very dark baked illumination loses recoverable forest and ground detail.,False,False,52f4d950f23599d3deb0c1b5e6db6890be898c033439afc9784decda87256076
P28-03,Jungle A — Rainforest Supercontinent,Jungle A — Rainforest Supercontinent 11.png,Jungle A — Rainforest Supercontinent,rejected,temperate,jungle-supercontinent,,True,True,True,False,False,not prepared (source excluded),False,,Strong localized specular hotspot baked across surface.,False,False,4b3ffce851265a97e0073500dd51da3906187f1af22b8ea9ee9d37a79be2fe0c
P28-04,Jungle A — Rainforest Supercontinent,Jungle A — Rainforest Supercontinent 12.png,Jungle A — Rainforest Supercontinent,rejected,temperate,jungle-supercontinent,,True,True,True,False,False,not prepared (source excluded),False,,Very dark baked illumination loses recoverable forest and ground detail.,False,False,f058541862dd29016ca3d360ffe82ad77b237f3d0d138cdde15941e9df3971e5
P28-05,Jungle A — Rainforest Supercontinent,Jungle A — Rainforest Supercontinent 13.png,Jungle A — Rainforest Supercontinent,rejected,temperate,jungle-supercontinent,,True,True,True,False,False,not prepared (source excluded),False,,Very dark baked illumination loses recoverable forest and ground detail.,False,False,a19f9099b043f6a375b5e8213aa5970c00bb717bf9f7df3e0b56f22ab6314774
P28-06,Jungle A — Rainforest Supercontinent,Jungle A — Rainforest Supercontinent 14.png,Jungle A — Rainforest Supercontinent,accepted,temperate,jungle-supercontinent,,True,True,True,False,False,True,False,,,True,True,1694de3a69221c99bfe396ea073d69a51e93489a32f66727c015d7a76d11ed40
P28-07,Jungle A — Rainforest Supercontinent,Jungle A — Rainforest Supercontinent 15.png,Jungle A — Rainforest Supercontinent,rejected,temperate,jungle-supercontinent,,True,True,True,False,False,not prepared (source excluded),False,,Very dark baked illumination loses recoverable forest and ground detail.,False,False,8c127b4bbdc6c0a015efb20d70f800e500b958e628fe8af34a4a34a3fcb36266
P28-08,Jungle A — Rainforest Supercontinent,Jungle A — Rainforest Supercontinent 16.png,Jungle A — Rainforest Supercontinent,rejected,temperate,jungle-supercontinent,,True,True,True,False,False,False,False,,"No complete, sufficiently resolved globe silhouette was recovered.",False,False,3d2d5b02f0475881e49eaf3126cc8a6a7b0737b6ec103139fab4d3bc2c1c6801
P28-09,Jungle A — Rainforest Supercontinent,Jungle A — Rainforest Supercontinent 17.png,Jungle A — Rainforest Supercontinent,rejected,temperate,jungle-supercontinent,,True,True,True,False,False,not prepared (source excluded),False,,Very dark baked illumination loses recoverable forest and ground detail.,False,False,c44f46664deff816a6c26d9c4d4e499e278a20f224514f9c06cec90bc316b6a3
P28-10,Jungle A — Rainforest Supercontinent,Jungle A — Rainforest Supercontinent 18.png,Jungle A — Rainforest Supercontinent,rejected,temperate,jungle-supercontinent,,True,True,True,False,False,not prepared (source excluded),True,,"Africa, Mediterranean and adjacent Earth continental arrangement remain recognizable.",False,False,0cd4e8bbaa76b07a6613fbcac69a0539ea5a4bee297c39cb92e75898319de2af
P28-11,Jungle A — Rainforest Supercontinent,Jungle A — Rainforest Supercontinent 19.png,Jungle A — Rainforest Supercontinent,rejected,temperate,jungle-supercontinent,,True,True,True,False,False,not prepared (source excluded),True,,"Africa, Mediterranean and adjacent Earth continental arrangement remain recognizable.",False,False,77369bfd0f05c936c9fb6457aa3c05e3ff247bb84d45d494043d85860f7ac065
P28-12,Jungle A — Rainforest Supercontinent,Jungle A — Rainforest Supercontinent 2.png,Jungle A — Rainforest Supercontinent,rejected,temperate,jungle-supercontinent,,True,True,True,False,False,not prepared (source excluded),False,,Strong localized specular hotspot baked across surface.,False,False,07e0e047cf6c8991ec62c05e846b6d54085beb0d0eb01ab7dcb709e027f94eda
P28-13,Jungle A — Rainforest Supercontinent,Jungle A — Rainforest Supercontinent 20.png,Jungle A — Rainforest Supercontinent,rejected,temperate,jungle-supercontinent,,True,True,True,False,False,not prepared (source excluded),True,,Closer inspection confirms recognizable Earth-derived continents/coastlines; excluded from alien-world selection.,False,False,7b7567be73451bb889554ff9154feab3e8b0230d39724711e40cdf1a51973ef4
P28-14,Jungle A — Rainforest Supercontinent,Jungle A — Rainforest Supercontinent 21.png,Jungle A — Rainforest Supercontinent,accepted,temperate,jungle-supercontinent,,True,True,True,False,False,True,False,,,True,True,5eac6fad2b40ca923a64e2661800bc5222b68a51e9970707f59372aaf6d57360
P28-15,Jungle A — Rainforest Supercontinent,Jungle A — Rainforest Supercontinent 22.png,Jungle A — Rainforest Supercontinent,rejected,temperate,jungle-supercontinent,,True,True,True,False,False,not prepared (source excluded),True,,Closer inspection confirms recognizable Earth-derived continents/coastlines; excluded from alien-world selection.,False,False,73140c53f285376780e65ba3280657975cd04dc6824667da38394ecb3d2d83d0
P28-16,Jungle A — Rainforest Supercontinent,Jungle A — Rainforest Supercontinent 3.png,Jungle A — Rainforest Supercontinent,accepted,temperate,jungle-supercontinent,,True,True,True,False,False,True,False,,,True,True,d40a3b961bb2508be83bc64cda3bfb645a2518ac2fabcbddb492e3ef444c0257
P28-17,Jungle A — Rainforest Supercontinent,Jungle A — Rainforest Supercontinent 4.png,Jungle A — Rainforest Supercontinent,accepted,temperate,jungle-supercontinent,,True,True,True,False,False,True,False,,,True,True,8fd0665928795bbff91d82f7e539d0cd707d0b93e067678257918a5d7baa1acb
P28-18,Jungle A — Rainforest Supercontinent,Jungle A — Rainforest Supercontinent 5.png,Jungle A — Rainforest Supercontinent,accepted,temperate,jungle-supercontinent,,True,True,True,False,False,True,False,,,True,True,2a2b6cf017e51115d3d3e95c3c7f3627197b189b5b45b44bd4942b19ad0e347d
P28-19,Jungle A — Rainforest Supercontinent,Jungle A — Rainforest Supercontinent 6.png,Jungle A — Rainforest Supercontinent,rejected,temperate,jungle-supercontinent,,True,True,True,False,False,False,False,,Persistent colored limb glare or baked shadow strip remains visible during rotation.,True,True,d56b2404c1c640d6d4544abae04a727e8334fe4d55a64459ccebaa38842d3541
P28-20,Jungle A — Rainforest Supercontinent,Jungle A — Rainforest Supercontinent 7.png,Jungle A — Rainforest Supercontinent,accepted,temperate,jungle-supercontinent,,True,True,True,False,False,True,False,,,True,True,3712a0fa28b226fcc2f674be2b979877e5e8d399dcbbb57aa9cb580b47044b02
P28-21,Jungle A — Rainforest Supercontinent,Jungle A — Rainforest Supercontinent 8.png,Jungle A — Rainforest Supercontinent,rejected,temperate,jungle-supercontinent,,True,True,True,False,False,False,False,,Persistent colored limb glare or baked shadow strip remains visible during rotation.,True,True,81985780891fc5ef2fa553de2f5d93ff0690196ec8f6b3d823acb096f11d8900
P28-22,Jungle A — Rainforest Supercontinent,Jungle A — Rainforest Supercontinent 9.png,Jungle A — Rainforest Supercontinent,rejected,temperate,jungle-supercontinent,,True,True,True,False,False,not prepared (source excluded),True,,Closer inspection confirms recognizable Earth-derived continents/coastlines; excluded from alien-world selection.,False,False,d3d4986afb51e34955ce902403cf3cb8804b4b25df82708e0e4926c150277700
P29-01,Jungle B — Tropical Archipelago,Jungle B — Tropical Archipelago 1.png,Jungle B — Tropical Archipelago,accepted,temperate,jungle-archipelago,,True,True,True,False,False,True,False,,,True,True,4ea7408371a097921e9777041440ea3df19794c1edf795087d09a6c6b8ea72d9
P29-02,Jungle B — Tropical Archipelago,Jungle B — Tropical Archipelago 10.png,Jungle B — Tropical Archipelago,rejected,temperate,jungle-archipelago,,True,True,True,False,False,not prepared (source excluded),False,,Individual trees visibly project above the globe; canopy geometry obscures terrain and cannot be flattened without replacing major surface regions.,False,False,db1c8ab37719f0d315bcc9f555c396be7e892859d1a0fecf1dd4e565909d4c9a
P29-03,Jungle B — Tropical Archipelago,Jungle B — Tropical Archipelago 11.png,Jungle B — Tropical Archipelago,rejected,temperate,jungle-archipelago,,True,True,True,False,False,False,False,,Deep baked shadow across dark exaggerated canopy obscures underlying surface.,False,False,16e8fbcca99512e6c1eddfda57ef8d07b120fdb4c6b0dbea1a6f80a143c46753
P29-04,Jungle B — Tropical Archipelago,Jungle B — Tropical Archipelago 12.png,Jungle B — Tropical Archipelago,rejected,temperate,jungle-archipelago,,True,True,True,False,False,False,False,,Deep baked shadow across dark exaggerated canopy obscures underlying surface.,False,False,97003be9d7822965434ed253a573f7429b46dc12bf0c31209d7af769b59efa8d
P29-05,Jungle B — Tropical Archipelago,Jungle B — Tropical Archipelago 13.png,Jungle B — Tropical Archipelago,accepted,temperate,jungle-archipelago,,True,True,True,False,False,True,False,,,True,True,5af3769ea6b82114a310ce05357221648832d13ac787497cc8d0373f24398c28
P29-06,Jungle B — Tropical Archipelago,Jungle B — Tropical Archipelago 14.png,Jungle B — Tropical Archipelago,rejected,temperate,jungle-archipelago,,True,True,True,False,False,False,False,,Persistent colored limb glare or baked shadow strip remains visible during rotation.,True,True,25f4774842b4759b19762af8de6002ef16e2d3e088dc305375436976bd562c71
P29-07,Jungle B — Tropical Archipelago,Jungle B — Tropical Archipelago 15.png,Jungle B — Tropical Archipelago,accepted,temperate,jungle-archipelago,,True,True,True,False,False,True,False,,,True,True,9967774f187b2929aa9f8546a8e5478702535003d43e31d5adf6afaf81ab47f2
P29-08,Jungle B — Tropical Archipelago,Jungle B — Tropical Archipelago 16.png,Jungle B — Tropical Archipelago,accepted,temperate,jungle-archipelago,,True,True,True,False,False,True,False,,,True,True,73cda5e3a4fa19a7f6f296beb34ea3eb7779942c2b0d9ace0bb197fc6d39f528
P29-09,Jungle B — Tropical Archipelago,Jungle B — Tropical Archipelago 17.png,Jungle B — Tropical Archipelago,accepted,temperate,jungle-archipelago,,True,True,True,False,False,True,False,,,True,True,680ca923a358c91318b331a4b772164f52787d272a2658cb2835cfacd03cf2af
P29-10,Jungle B — Tropical Archipelago,Jungle B — Tropical Archipelago 18.png,Jungle B — Tropical Archipelago,rejected,temperate,jungle-archipelago,,True,True,True,False,False,False,False,,"Converted surface is excessively soft or clipped, with insufficient convincing surface detail.",True,True,ae5c10a374992474ef0a43d7ac514db96f5fb2ee419797922815691671bf8a53
P29-11,Jungle B — Tropical Archipelago,Jungle B — Tropical Archipelago 19.png,Jungle B — Tropical Archipelago,rejected,temperate,jungle-archipelago,,True,True,True,False,False,False,False,,Deep baked shadow across dark exaggerated canopy obscures underlying surface.,False,False,4b157057116f982719f9d18d0c3225bc7d91f891e8d392c1ec376f2d13663817
P29-12,Jungle B — Tropical Archipelago,Jungle B — Tropical Archipelago 2.png,Jungle B — Tropical Archipelago,accepted,temperate,jungle-archipelago,,True,True,True,False,False,True,False,,,True,True,e7eb5e8f235117f2de7e83759ca5124df90d4c4216ed46efa03e4e92024bccbe
P29-13,Jungle B — Tropical Archipelago,Jungle B — Tropical Archipelago 20.png,Jungle B — Tropical Archipelago,accepted,temperate,jungle-archipelago,,True,True,True,False,False,True,False,,,True,True,312136167f220648d9280efe08bcf1b47bf883222a0b987d2d2cc835e00d7620
P29-14,Jungle B — Tropical Archipelago,Jungle B — Tropical Archipelago 21.png,Jungle B — Tropical Archipelago,accepted,temperate,jungle-archipelago,,True,True,True,False,False,True,False,,,True,True,30e97b29f429e4789e45e7707901dd186eef47c7491c851dcb102cb033f50217
P29-15,Jungle B — Tropical Archipelago,Jungle B — Tropical Archipelago 22.png,Jungle B — Tropical Archipelago,accepted,temperate,jungle-archipelago,,True,True,True,False,False,True,False,,,True,True,237b5082701871b501d13054114af35948310f4d66e5bf244e9bacf4313683ad
P29-16,Jungle B — Tropical Archipelago,Jungle B — Tropical Archipelago 23.png,Jungle B — Tropical Archipelago,rejected,temperate,jungle-archipelago,,True,True,True,False,False,False,False,,Persistent colored limb glare or baked shadow strip remains visible during rotation.,True,True,94aa7ca7f69cd2b6e5b6948a407029b66e4c482c543b205155df591dca3f81a6
P29-17,Jungle B — Tropical Archipelago,Jungle B — Tropical Archipelago 24.png,Jungle B — Tropical Archipelago,accepted,temperate,jungle-archipelago,,True,True,True,False,False,True,False,,,True,True,69aa9b50f96f80de916e854c0ca407003b3105e06a340a071adf0550987372c8
P29-18,Jungle B — Tropical Archipelago,Jungle B — Tropical Archipelago 3.png,Jungle B — Tropical Archipelago,rejected,temperate,jungle-archipelago,,True,True,True,False,False,False,False,,"Converted surface is excessively soft or clipped, with insufficient convincing surface detail.",True,True,292833a23ee20ea43d953906322380d05403a1bf94334ddc5ce0941be898370d
P29-19,Jungle B — Tropical Archipelago,Jungle B — Tropical Archipelago 4.png,Jungle B — Tropical Archipelago,accepted,temperate,jungle-archipelago,,True,True,True,False,False,True,False,,,True,True,4913e3317829b85ae84a5ac099c6cb219b8c87f758179ac3aab584f9ddde0079
P29-20,Jungle B — Tropical Archipelago,Jungle B — Tropical Archipelago 5.png,Jungle B — Tropical Archipelago,accepted,temperate,jungle-archipelago,,True,True,True,False,False,True,False,,,True,True,27d33a181d5fb9f544f9ac897732330819d9333265b86db76231cf6332e8889a
P29-21,Jungle B — Tropical Archipelago,Jungle B — Tropical Archipelago 6.png,Jungle B — Tropical Archipelago,rejected,temperate,jungle-archipelago,,True,True,True,False,False,not prepared (source excluded),False,,Large individual tree crowns/miniature forests dominate the globe and cannot read as orbital-scale biomes.,False,False,3408a09cc9727db15a7aefcda18b091a5e34a656cdd7c5bc710d0a4a02691ffe
P29-22,Jungle B — Tropical Archipelago,Jungle B — Tropical Archipelago 7.png,Jungle B — Tropical Archipelago,rejected,temperate,jungle-archipelago,,True,True,True,False,False,not prepared (source excluded),False,,Large individual tree crowns/miniature forests dominate the globe and cannot read as orbital-scale biomes.,False,False,fdb0407c8c640c3af6d3a3a9b380d58a8128f213ed84a4f9d0435dff98b52acb
P29-23,Jungle B — Tropical Archipelago,Jungle B — Tropical Archipelago 8.png,Jungle B — Tropical Archipelago,accepted,temperate,jungle-archipelago,,True,True,True,False,False,True,False,,,True,True,7c3899eea2a1fd8f77eaf579fef43d3a1cb0ac5efd297197cd622ab5d32ef973
P29-24,Jungle B — Tropical Archipelago,Jungle B — Tropical Archipelago 9.png,Jungle B — Tropical Archipelago,rejected,temperate,jungle-archipelago,,True,True,True,False,False,False,False,,Persistent colored limb glare or baked shadow strip remains visible during rotation.,True,True,b8b800e610ba158bb85aed174952efb74bc115b5513232f3e15c75a8f833fee0
P30-01,Ocean A — Global Waterworld,Ocean A — Global Waterworld 1.png,Ocean A — Global Waterworld,rejected,ocean,global-waterworld,,True,True,False,False,False,not prepared (source excluded),False,,Hard localized glossy hotspot baked into ocean/cloud color.,False,False,8be08757d508033f669aa37cf8029f2c183910d387c0b28257ea78e5a19ba9d8
P30-02,Ocean A — Global Waterworld,Ocean A — Global Waterworld 10.png,Ocean A — Global Waterworld,accepted,ocean,global-waterworld,,True,True,False,False,False,True,False,,,True,True,fc949a3f1debf3547761b1d04208a2b5fe10828e64099921b39e2a123d09ead9
P30-03,Ocean A — Global Waterworld,Ocean A — Global Waterworld 11.png,Ocean A — Global Waterworld,accepted,ocean,global-waterworld,,True,True,False,False,False,True,False,,,True,True,21c7cb738719388d18b75669110be511e837072242015632d090777293ad0bb9
P30-04,Ocean A — Global Waterworld,Ocean A — Global Waterworld 12.png,Ocean A — Global Waterworld,accepted,ocean,global-waterworld,,True,True,False,False,False,True,False,,,True,True,721de448534a6607032e0a852807050404bab0de5317ec055b571ab46a07da22
P30-05,Ocean A — Global Waterworld,Ocean A — Global Waterworld 13.png,Ocean A — Global Waterworld,rejected,ocean,global-waterworld,,True,True,False,False,False,False,False,,Persistent colored limb glare or baked shadow strip remains visible during rotation.,True,True,45efe5aa6d1e15e0b05a0f6cf9e1df94c90c672485d628ecae3d8ee78a60b07f
P30-06,Ocean A — Global Waterworld,Ocean A — Global Waterworld 14.png,Ocean A — Global Waterworld,accepted,ocean,global-waterworld,,True,True,False,False,False,True,False,,,True,True,1e5f4362b7225ac01bad4cb6bebe57cc180a5f03cc70202d9ca70bfe942c5c43
P30-07,Ocean A — Global Waterworld,Ocean A — Global Waterworld 15.png,Ocean A — Global Waterworld,accepted,ocean,global-waterworld,,True,True,False,False,False,True,False,,,True,True,9d683b1f5fb05b95420748b3c851e5124846f9535ce45421fc917b9607609a82
P30-08,Ocean A — Global Waterworld,Ocean A — Global Waterworld 16.png,Ocean A — Global Waterworld,accepted,ocean,global-waterworld,,True,True,False,False,False,True,False,,,True,True,97808e6a3c6d2d2bebf25427b3896e597845905841c2d6c8b16f6de4774c0300
P30-09,Ocean A — Global Waterworld,Ocean A — Global Waterworld 17.png,Ocean A — Global Waterworld,rejected,ocean,global-waterworld,,True,True,False,False,False,not prepared (source excluded),False,,Hard localized glossy hotspot baked into ocean/cloud color.,False,False,8b90f3a114a5d422021bf2aff6903eabf3c1015094dc5a57d9992c909b5f6804
P30-10,Ocean A — Global Waterworld,Ocean A — Global Waterworld 18.png,Ocean A — Global Waterworld,rejected,ocean,global-waterworld,,True,True,False,False,False,not prepared (source excluded),False,,Hard localized glossy hotspot baked into ocean/cloud color.,False,False,8c6a8af9adf489ef2cc9c975d9edd4d979b5a1beb7361cd81dcaec4d9dbf2355
P30-11,Ocean A — Global Waterworld,Ocean A — Global Waterworld 19.png,Ocean A — Global Waterworld,accepted,ocean,global-waterworld,,True,True,False,False,False,True,False,,,True,True,505d4677c73499ac8caece70c62a32060e63c4bc3786f4bec2a8ad0c3be36287
P30-12,Ocean A — Global Waterworld,Ocean A — Global Waterworld 2.png,Ocean A — Global Waterworld,accepted,ocean,archipelago,,True,True,False,False,False,True,False,Numerous small exposed islands; not exclusively global liquid cover.,,True,True,7dfc5aa8679a1c6b8879cb3483a5d5107a7b33db0e13546b44457ec3cab957e7
P30-13,Ocean A — Global Waterworld,Ocean A — Global Waterworld 20.png,Ocean A — Global Waterworld,accepted,ocean,archipelago,,True,True,False,False,False,True,False,Numerous small exposed islands; not exclusively global liquid cover.,,True,True,6fe0a42a52f815561178ae210b2ecc5c522ff54392e7a01702c4f03126529431
P30-14,Ocean A — Global Waterworld,Ocean A — Global Waterworld 21.png,Ocean A — Global Waterworld,accepted,ocean,archipelago,,True,True,False,False,False,True,False,Numerous small exposed islands; not exclusively global liquid cover.,,True,True,95ae12eb0020db5ecd8803ed845b5247da1f351287a14a1d061b962122a3f2c7
P30-15,Ocean A — Global Waterworld,Ocean A — Global Waterworld 22.png,Ocean A — Global Waterworld,accepted,ocean,global-waterworld,,True,True,False,False,False,True,False,,,True,True,eef592baf0072e306c0e51b51a24641df8c9e07c25ce8f84f1d8d5592d66186b
P30-16,Ocean A — Global Waterworld,Ocean A — Global Waterworld 3.png,Ocean A — Global Waterworld,accepted,ocean,global-waterworld,,True,True,False,False,False,True,False,,,True,True,0b7c0ea408aa5de41ae2e36e0bd38542a43b8585c04f3b30692c323f6b51440e
P30-17,Ocean A — Global Waterworld,Ocean A — Global Waterworld 4.png,Ocean A — Global Waterworld,rejected,ocean,global-waterworld,,True,True,False,False,False,not prepared (source excluded),False,,Near-black hemisphere obscures surface beneath clouds.,False,False,671ffb8b95132414d3f242611fc6e933b18bd184749b57e5919936a48daed1f3
P30-18,Ocean A — Global Waterworld,Ocean A — Global Waterworld 5.png,Ocean A — Global Waterworld,accepted,ocean,global-waterworld,,True,True,False,False,False,True,False,,,True,True,61270aebb24a44a42cb645886fa9b1527965184720e4d7dd0861bc31cc0b3f42
P30-19,Ocean A — Global Waterworld,Ocean A — Global Waterworld 6.png,Ocean A — Global Waterworld,rejected,ocean,global-waterworld,,True,True,False,False,False,not prepared (source excluded),False,,Near-black hemisphere obscures surface beneath clouds.,False,False,653d7c232005ed74804a84fbc1a2354ea805d4a0441c6e0b29f77f6cba9bf247
P30-20,Ocean A — Global Waterworld,Ocean A — Global Waterworld 7.png,Ocean A — Global Waterworld,rejected,ocean,global-waterworld,,True,True,False,False,False,False,False,,Persistent colored limb glare or baked shadow strip remains visible during rotation.,True,True,b197051b6f6975883335e0c2b7aff65a620d962e26cf46635cf10b1161899678
P30-21,Ocean A — Global Waterworld,Ocean A — Global Waterworld 8.png,Ocean A — Global Waterworld,rejected,ocean,global-waterworld,,True,True,False,False,False,False,False,,Persistent colored limb glare or baked shadow strip remains visible during rotation.,True,True,74e9df413ffcfa5a3cbe7b716878681beef893d4673c4aa2321c4e4204fe0562
P30-22,Ocean A — Global Waterworld,Ocean A — Global Waterworld 9.png,Ocean A — Global Waterworld,accepted,ocean,global-waterworld,,True,True,False,False,False,True,False,,,True,True,77c785bef9893f60edb8c54b7aa210bc0c3f59f1c6f8d90eea39ead3f1e26a90
P31-01,Ocean B — Archipelago World,Ocean B — Archipelago World 1.png,Ocean B — Archipelago World,accepted,ocean,archipelago,,True,True,True,False,False,True,False,,,True,True,6196093e2325e54545235be33291656927bad85ae742e033e2f42652696e92b8
P31-02,Ocean B — Archipelago World,Ocean B — Archipelago World 10.png,Ocean B — Archipelago World,accepted,ocean,archipelago,,True,True,True,False,False,True,False,,,True,True,e70cdb6d7688eeeb1312e2deae42a11a751e3b7d9eb506227ba73fffbe09867d
P31-03,Ocean B — Archipelago World,Ocean B — Archipelago World 11.png,Ocean B — Archipelago World,accepted,ocean,archipelago,,True,True,True,False,False,True,False,,,True,True,8ac7437a915625ac043b7ebe285f0e219cfd3c133eede52b03fc3ea759c34c7f
P31-04,Ocean B — Archipelago World,Ocean B — Archipelago World 12.png,Ocean B — Archipelago World,rejected,ocean,archipelago,,True,True,True,False,False,not prepared (source excluded),False,,Very soft dark surface loses usable geographic detail.,False,False,939c956c3349274734eec721bd1a44e4c3c50aa16ce1199ce508863c147eb0ff
P31-05,Ocean B — Archipelago World,Ocean B — Archipelago World 13.png,Ocean B — Archipelago World,accepted,ice-giant,blue-cloud-giant,,True,False,False,False,False,True,False,Opaque pale blue cloud envelope; exposed islands and oceans not established.,,True,True,7041ee3f88491ae8467af9c3f80362d6c031d4d67d27d5395ad45946d01f52c2
P31-06,Ocean B — Archipelago World,Ocean B — Archipelago World 14.png,Ocean B — Archipelago World,accepted,ocean,archipelago,,True,True,True,False,False,True,False,,,True,True,db7013ee9ab3045dd41e1cd6754b2a293a5e1a2d77aba79e68e3f549fcf0b830
P31-07,Ocean B — Archipelago World,Ocean B — Archipelago World 15.png,Ocean B — Archipelago World,accepted,ocean,archipelago,,True,True,True,False,False,True,False,,,True,True,fa9e3067add7452045d7b0d5407132ee5308a1f00d11c3a8e708b76a9c81edbc
P31-08,Ocean B — Archipelago World,Ocean B — Archipelago World 16.png,Ocean B — Archipelago World,rejected,ocean,archipelago,,True,True,True,False,False,False,False,,Persistent colored limb glare or baked shadow strip remains visible during rotation.,True,True,f03c680449c6baf30b2b12672e391a8c11c336fec6e8a95d8c32034e50c676ed
P31-09,Ocean B — Archipelago World,Ocean B — Archipelago World 17.png,Ocean B — Archipelago World,accepted,ice-giant,blue-cloud-giant,,True,False,False,False,False,True,False,Opaque pale blue cloud envelope; exposed islands and oceans not established.,,True,True,0deb4437d5f6595791e18a961b6a4b0348975949831bfeb49386aac837a905a0
P31-10,Ocean B — Archipelago World,Ocean B — Archipelago World 18.png,Ocean B — Archipelago World,accepted,ocean,archipelago,,True,True,True,False,False,True,False,,,True,True,020adf12a747f7e0e036752f5581865a0ea622d173d4619fcb8ad3504cd201ed
P31-11,Ocean B — Archipelago World,Ocean B — Archipelago World 19.png,Ocean B — Archipelago World,rejected,ocean,archipelago,,True,True,True,False,False,False,False,,Persistent colored limb glare or baked shadow strip remains visible during rotation.,True,True,e6865c002e5e4dac771743939656303e4bd091a14a7c4a3e5021c9dc139adcf8
P31-12,Ocean B — Archipelago World,Ocean B — Archipelago World 2.png,Ocean B — Archipelago World,accepted,ocean,archipelago,,True,True,True,False,False,True,False,,,True,True,cb8d14b98b1720043d746c34958f00a23f63cfe16d1e1d9b6ece6a8409d5fa11
P31-13,Ocean B — Archipelago World,Ocean B — Archipelago World 20.png,Ocean B — Archipelago World,accepted,ocean,archipelago,,True,True,True,False,False,True,False,,,True,True,4af12cd770c86d74bc75cba7a25abcccfa3843f869b708a986050fa68eb21f59
P31-14,Ocean B — Archipelago World,Ocean B — Archipelago World 3.png,Ocean B — Archipelago World,rejected,ocean,archipelago,,True,True,True,False,False,not prepared (source excluded),True,,Recognizable South America and neighboring Earth-derived coastlines.,False,False,e271c3835472053009a7359bef99501cb1ae77de475c61eb92b3985ba926a4b1
P31-15,Ocean B — Archipelago World,Ocean B — Archipelago World 4.png,Ocean B — Archipelago World,rejected,ocean,archipelago,,True,True,True,False,False,False,False,,Persistent colored limb glare or baked shadow strip remains visible during rotation.,True,True,3a9cdf7cf10b92f9db642ea79244e265770cadb707e52ab87517e89c761335c0
P31-16,Ocean B — Archipelago World,Ocean B — Archipelago World 5.png,Ocean B — Archipelago World,accepted,ocean,archipelago,,True,True,True,False,False,True,False,,,True,True,63de915d29cd0dedb192a498cf39355d375eff0fd7a16a75cf72ecd33d5e7237
P31-17,Ocean B — Archipelago World,Ocean B — Archipelago World 6.png,Ocean B — Archipelago World,accepted,ocean,archipelago,,True,True,True,False,False,True,False,,,True,True,52e1b8d239ac2fe887b3087fb7fc7ee05209086265d4d6f1599ff3cc6103ce13
P31-18,Ocean B — Archipelago World,Ocean B — Archipelago World 7.png,Ocean B — Archipelago World,accepted,ice-giant,blue-cloud-giant,,True,False,False,False,False,True,False,Opaque pale blue cloud envelope; exposed islands and oceans not established.,,True,True,93b93a6a58f8bb52e99bf830596b859123a0ba0e2b3652f11c9c058bd3e35480
P31-19,Ocean B — Archipelago World,Ocean B — Archipelago World 8.png,Ocean B — Archipelago World,rejected,ocean,archipelago,,True,True,True,False,False,not prepared (source excluded),False,,Exaggerated raised green land/forest relief at orbital scale.,False,False,bf06bccee6d7594112caa029ce7a0baf4c08bfee843423fcb0665f3c819b5263
P31-20,Ocean B — Archipelago World,Ocean B — Archipelago World 9.png,Ocean B — Archipelago World,rejected,ocean,archipelago,,True,True,True,False,False,False,False,,Surface remains too dark and indistinct after neutralization.,True,True,fda2e60344e5479a9c56d2edad09ca2454477b0d5cec3b22c651f1a4931f999d
P32-01,Ocean C — Storm Ocean World,Ocean C — Storm Ocean World 1.png,Ocean C — Storm Ocean World,accepted,gas-giant,blue-cloud-giant,,True,False,False,False,False,True,False,Continuous layered atmospheric bands rather than exposed liquid seas.,,True,True,ba4e51477b6ccb2873e51fbf9b3ab89646d2cc9a24870023680d0adb3396ccde
P32-02,Ocean C — Storm Ocean World,Ocean C — Storm Ocean World 10.png,Ocean C — Storm Ocean World,accepted,ocean,storm-ocean,,True,True,False,False,False,True,False,,,True,True,70c22df77f32657def5a637d92b309fe743552d3225755f021d59373c21a7ee4
P32-03,Ocean C — Storm Ocean World,Ocean C — Storm Ocean World 11.png,Ocean C — Storm Ocean World,accepted,ocean,storm-ocean,,True,True,False,False,False,True,False,,,True,True,bf94a63296f0296163117300d5a7eb9cbc4e8698e964cbb2cc76d8345be04d58
P32-04,Ocean C — Storm Ocean World,Ocean C — Storm Ocean World 12.png,Ocean C — Storm Ocean World,rejected,ocean,storm-ocean,,True,True,False,False,False,False,False,,Surface remains too dark and indistinct after neutralization.,True,True,97e4cabfd11d3aaf4c5521d1d3171ac00e6d5a4437cac8ba00aaad4d2c8260d7
P32-05,Ocean C — Storm Ocean World,Ocean C — Storm Ocean World 13.png,Ocean C — Storm Ocean World,accepted,ocean,storm-ocean,,True,True,False,False,False,True,False,,,True,True,4f9e71033179a5d637d5cf362ddc970432b31ccf6b5526eff08c34257c199f63
P32-06,Ocean C — Storm Ocean World,Ocean C — Storm Ocean World 14.png,Ocean C — Storm Ocean World,rejected,ocean,storm-ocean,,True,True,False,False,False,not prepared (source excluded),False,,Deep black baked hemisphere and blurred clouds prevent useful unlit color.,False,False,8a303a307bbafa9829a0363828b8f5355d08b3e50b81ac6807b700d08698d120
P32-07,Ocean C — Storm Ocean World,Ocean C — Storm Ocean World 15.png,Ocean C — Storm Ocean World,accepted,ocean,storm-ocean,,True,True,False,False,False,True,False,,,True,True,c8d9cc07cb32257cf4bb13586eda541edcf0ccad4861b12c37af12b727f0ce09
P32-08,Ocean C — Storm Ocean World,Ocean C — Storm Ocean World 16.png,Ocean C — Storm Ocean World,accepted,ocean,storm-ocean,,True,True,False,False,False,True,False,,,True,True,4785c08f40b83ef318cdeb79ba5014a36e4a4c3533dab1cdb2a9eef92dee895e
P32-09,Ocean C — Storm Ocean World,Ocean C — Storm Ocean World 17.png,Ocean C — Storm Ocean World,accepted,ocean,storm-ocean,,True,True,False,False,False,True,False,,,True,True,eb5ad305cb51562472b7d3ed4df8256c7d942d116f8b4e7b39fd34a87c49de7b
P32-10,Ocean C — Storm Ocean World,Ocean C — Storm Ocean World 18.png,Ocean C — Storm Ocean World,accepted,ocean,storm-ocean,,True,True,False,False,False,True,False,,,True,True,cd6ab299ff197e474fdeaaee74e3eb59895d9d66bcbcba963b8e3ace5ba732ae
P32-11,Ocean C — Storm Ocean World,Ocean C — Storm Ocean World 19.png,Ocean C — Storm Ocean World,accepted,ocean,storm-ocean,,True,True,False,False,False,True,False,,,True,True,7dddb43bdb3223c7a210c1c34caa5a0c226bdf9ec2ae1c1f855a6c1c7d38ef47
P32-12,Ocean C — Storm Ocean World,Ocean C — Storm Ocean World 2.png,Ocean C — Storm Ocean World,accepted,ocean,storm-ocean,,True,True,False,False,False,True,False,,,True,True,da3cbc42953eef2ca1c6ebb300e7b1fa3d163c591f30d3252f09bce7a7653ee8
P32-13,Ocean C — Storm Ocean World,Ocean C — Storm Ocean World 20.png,Ocean C — Storm Ocean World,rejected,ocean,storm-ocean,,True,True,False,False,False,False,False,,Persistent colored limb glare or baked shadow strip remains visible during rotation.,True,True,8115efce6bedf2db87c9b638d6861d96e9228158f3be99ed7a3ad93e09d2b5ac
P32-14,Ocean C — Storm Ocean World,Ocean C — Storm Ocean World 21.png,Ocean C — Storm Ocean World,accepted,ocean,storm-ocean,,True,True,False,False,False,True,False,,,True,True,434697ed379499a56239ed75b2df69394acf95f23eda05cc88f6fb9db64cee20
P32-15,Ocean C — Storm Ocean World,Ocean C — Storm Ocean World 22.png,Ocean C — Storm Ocean World,accepted,ocean,storm-ocean,,True,True,False,False,False,True,False,,,True,True,e620fe91bef69c6ae0f1d9aeacc67e5ebb4fd3a205041d372dae66ae9d57d5f4
P32-16,Ocean C — Storm Ocean World,Ocean C — Storm Ocean World 23.png,Ocean C — Storm Ocean World,rejected,ocean,storm-ocean,,True,True,False,False,False,not prepared (source excluded),False,,Islands project as oversized miniature mountains from orbit.,False,False,82e2dafedb58a610093ea3ae196ae68297a2ea02afed0f861b73460930dd9841
P32-17,Ocean C — Storm Ocean World,Ocean C — Storm Ocean World 24.png,Ocean C — Storm Ocean World,accepted,ocean,storm-ocean,,True,True,False,False,False,True,False,,,True,True,c4ce69bb1a50663f80407edd675ef67cda1056c882ed559a26c0599aac75aadb
P32-18,Ocean C — Storm Ocean World,Ocean C — Storm Ocean World 25.png,Ocean C — Storm Ocean World,accepted,ocean,storm-ocean,,True,True,False,False,False,True,False,,,True,True,aa0d84464474da77bb2de850374f5af3a68b8c95fc9d2520dddd2fb707b5df42
P32-19,Ocean C — Storm Ocean World,Ocean C — Storm Ocean World 3.png,Ocean C — Storm Ocean World,rejected,ocean,storm-ocean,,True,True,False,False,False,not prepared (source excluded),True,,Closer inspection confirms recognizable Earth-derived continents/coastlines; excluded from alien-world selection.,False,False,8d781d86c170701180d5171376c33f26e76672a97782ad44dca1f02020815708
P32-20,Ocean C — Storm Ocean World,Ocean C — Storm Ocean World 4.png,Ocean C — Storm Ocean World,accepted,ocean,storm-ocean,,True,True,False,False,False,True,False,,,True,True,981f7727120a1fa1b0cec8317134f86fda3f4e988954e88d11cdb5f9f8eb3484
P32-21,Ocean C — Storm Ocean World,Ocean C — Storm Ocean World 5.png,Ocean C — Storm Ocean World,rejected,ocean,storm-ocean,,True,True,False,False,False,not prepared (source excluded),False,,Glossy hotspot and stylized swirling bands baked into cloud color.,False,False,6d8efe16175496fcaa3b2f7dd04a6d8e2f3cfb5da337cfdca193a5b00c214bad
P32-22,Ocean C — Storm Ocean World,Ocean C — Storm Ocean World 6.png,Ocean C — Storm Ocean World,accepted,ocean,storm-ocean,,True,True,False,False,False,True,False,,,True,True,e3d4dffd6f9d14e3e9da0b7bebd77639c62eaad7908b37adfd966c12b8c7fc23
P32-23,Ocean C — Storm Ocean World,Ocean C — Storm Ocean World 7.png,Ocean C — Storm Ocean World,rejected,ocean,storm-ocean,,True,True,False,False,False,False,False,,Persistent colored limb glare or baked shadow strip remains visible during rotation.,True,True,3617fdd2ca50486b69451bdc4ce636e1f45bd428a4866c12f1bf69ae4b7a57e0
P32-24,Ocean C — Storm Ocean World,Ocean C — Storm Ocean World 8.png,Ocean C — Storm Ocean World,rejected,ocean,storm-ocean,,True,True,False,False,False,not prepared (source excluded),False,,Repeated graphic stripes look painted and lack realistic atmospheric structure.,False,False,9fdbb46f88beef8073519716d2d79184eba6417dd9b27a3d172d997dc8897af1
P32-25,Ocean C — Storm Ocean World,Ocean C — Storm Ocean World 9.png,Ocean C — Storm Ocean World,accepted,ocean,storm-ocean,,True,True,False,False,False,True,False,,,True,True,9ca1bd1b1599bc08cc395504bfa93a32b6a8ac531b0cef5e186dd9f68f974b95
P33-01,Ringed Giant A — Pale Ring Giant,Ringed Giant A — Pale Ring Giant 1.png,Ringed Giant A — Pale Ring Giant,accepted,gas-giant,pale-ring-giant,,True,False,False,False,False,True,False,,,True,True,eafe9a1d93c728ed2834abff44890edebd5eff04c46616c51bdebc262b95e560
P33-02,Ringed Giant A — Pale Ring Giant,Ringed Giant A — Pale Ring Giant 10.png,Ringed Giant A — Pale Ring Giant,accepted,gas-giant,pale-ring-giant,,True,False,False,False,False,True,False,,,True,True,71db2d8e24b1efcc500f6cd3070ac4b47d5d218ec02c6e0ddb9d6ed3de49a5e4
P33-03,Ringed Giant A — Pale Ring Giant,Ringed Giant A — Pale Ring Giant 11.png,Ringed Giant A — Pale Ring Giant,accepted,gas-giant,pale-ring-giant,,True,False,False,False,False,True,False,,,True,True,3f90ba5c8e62e9b1e2cf50e31be01d730a2ddf264cb32f227eafa8fedcdff6fe
P33-04,Ringed Giant A — Pale Ring Giant,Ringed Giant A — Pale Ring Giant 12.png,Ringed Giant A — Pale Ring Giant,accepted,gas-giant,pale-ring-giant,,True,False,False,False,False,True,False,,,True,True,1aaf04fb0be024375c424f4a1d486c01bc574c9d4f32831eef890042d76af407
P33-05,Ringed Giant A — Pale Ring Giant,Ringed Giant A — Pale Ring Giant 13.png,Ringed Giant A — Pale Ring Giant,accepted,gas-giant,pale-ring-giant,,True,False,False,False,False,True,False,,,True,True,14cb01a5596cc9beeb6733bbf837d07f7258ce498b6b2afd94193697541d32c7
P33-06,Ringed Giant A — Pale Ring Giant,Ringed Giant A — Pale Ring Giant 14.png,Ringed Giant A — Pale Ring Giant,accepted,gas-giant,pale-ring-giant,,True,False,False,False,False,True,False,,,True,True,001fe43231531791ec596f3d6f1acb9d2078a84ee1cb611e9cfcb012784e584c
P33-07,Ringed Giant A — Pale Ring Giant,Ringed Giant A — Pale Ring Giant 15.png,Ringed Giant A — Pale Ring Giant,rejected,gas-giant,pale-ring-giant,,True,False,False,False,False,False,False,,Material preparation retained excessive unrecoverable darkness or clipped highlights.,False,False,8218d175342f2374d08d5ced6f325ea13d675cd9669051102870c01e2b7cb667
P33-08,Ringed Giant A — Pale Ring Giant,Ringed Giant A — Pale Ring Giant 16.png,Ringed Giant A — Pale Ring Giant,accepted,gas-giant,pale-ring-giant,,True,False,False,False,False,True,False,,,True,True,29724db2f18253b3b81771e2ae6550f2c4bb0f5ed6b814501b41ef5ae6a609b3
P33-09,Ringed Giant A — Pale Ring Giant,Ringed Giant A — Pale Ring Giant 17.png,Ringed Giant A — Pale Ring Giant,rejected,gas-giant,pale-ring-giant,,True,False,False,False,False,not prepared (source excluded),False,,Severe black baked terminator over a large part of the globe.,False,False,90d471a638eb3decb4ad08553bf7520173fbd4d0cf7f7f20240fb288e4daec24
P33-10,Ringed Giant A — Pale Ring Giant,Ringed Giant A — Pale Ring Giant 18.png,Ringed Giant A — Pale Ring Giant,accepted,gas-giant,pale-ring-giant,,True,False,False,False,False,True,False,,,True,True,5ced057bb94a8a97273ebceb47253964f89c90bcfd77356de9e84c7e6adefe47
P33-11,Ringed Giant A — Pale Ring Giant,Ringed Giant A — Pale Ring Giant 19.png,Ringed Giant A — Pale Ring Giant,accepted,gas-giant,pale-ring-giant,,True,False,False,False,False,True,False,,,True,True,6c2915336785cbd3ab56cd8b3cb6e72714937ea30a73dc23ff8af3806fd788b1
P33-12,Ringed Giant A — Pale Ring Giant,Ringed Giant A — Pale Ring Giant 2.png,Ringed Giant A — Pale Ring Giant,rejected,gas-giant,pale-ring-giant,,True,False,False,False,False,False,False,,Dark ring-shadow stripe remains in reconstructed atmospheric bands.,True,True,8d88f3355a115c90f3a25ddab613898bd947d3da103ec438d1cdf9e9692c29fb
P33-13,Ringed Giant A — Pale Ring Giant,Ringed Giant A — Pale Ring Giant 3.png,Ringed Giant A — Pale Ring Giant,accepted,gas-giant,pale-ring-giant,,True,False,False,False,False,True,False,,,True,True,5acf1461f64635c36cbc717a10ddf3aaa1c3b6fa20e551bd7f095461a47d6946
P33-14,Ringed Giant A — Pale Ring Giant,Ringed Giant A — Pale Ring Giant 4.png,Ringed Giant A — Pale Ring Giant,rejected,gas-giant,pale-ring-giant,,True,False,False,False,False,not prepared (source excluded),False,,Blurred dark cloud globe lacks enough usable detail.,False,False,de079f1c7f3ac645f46472b2046186bc115de7949884f713a0eacf38f105012d
P33-15,Ringed Giant A — Pale Ring Giant,Ringed Giant A — Pale Ring Giant 5.png,Ringed Giant A — Pale Ring Giant,rejected,gas-giant,pale-ring-giant,,True,False,False,False,False,False,False,,Dark ring-shadow stripe remains in reconstructed atmospheric bands.,True,True,2bcb8a66c228878a8c837a372428edeef2d3435a18acefd9b2c7d388d4e3065c
P33-16,Ringed Giant A — Pale Ring Giant,Ringed Giant A — Pale Ring Giant 6.png,Ringed Giant A — Pale Ring Giant,accepted,gas-giant,pale-ring-giant,,True,False,False,False,False,True,False,,,True,True,2a69aed8540c3e4845f16bb7f62daf5bca7e3368d4f07e833162fd6d792e08ef
P33-17,Ringed Giant A — Pale Ring Giant,Ringed Giant A — Pale Ring Giant 7.png,Ringed Giant A — Pale Ring Giant,accepted,gas-giant,pale-ring-giant,,True,False,False,False,False,True,False,,,True,True,8a8ddd690eddb4405196be2ffd983f521f12461e6484505e3d3cc3fd86525782
P33-18,Ringed Giant A — Pale Ring Giant,Ringed Giant A — Pale Ring Giant 8.png,Ringed Giant A — Pale Ring Giant,accepted,gas-giant,pale-ring-giant,,True,False,False,False,False,True,False,,,True,True,4c365ac19868d646f9dd362a7501e9f40811aef588999e9d78dcbda4a38effcd
P33-19,Ringed Giant A — Pale Ring Giant,Ringed Giant A — Pale Ring Giant 9.png,Ringed Giant A — Pale Ring Giant,accepted,gas-giant,pale-ring-giant,,True,False,False,False,False,True,False,,,True,True,0d6b9d5258eee3c6c2155ff5fb121ed4fab0174f043d7e7e201094e42e218798
P34-01,Ringed Giant B — Copper Ring Giant,Ringed Giant B — Copper Ring Giant 1.png,Ringed Giant B — Copper Ring Giant,accepted,gas-giant,copper-ring-giant,,True,False,False,False,False,True,False,,,True,True,ed37610295843de881c81156ef3d75bb69e6d9463e7206e7c5cf9e0983b0a1a0
P34-02,Ringed Giant B — Copper Ring Giant,Ringed Giant B — Copper Ring Giant 10.png,Ringed Giant B — Copper Ring Giant,rejected,gas-giant,copper-ring-giant,,True,False,False,False,False,False,False,,Dark ring-shadow stripe remains in reconstructed atmospheric bands.,True,True,a99a7822e3a61c0a4e907b0b9f086e4dc832dfe28a81ca25ae647de195c19932
P34-03,Ringed Giant B — Copper Ring Giant,Ringed Giant B — Copper Ring Giant 11.png,Ringed Giant B — Copper Ring Giant,rejected,gas-giant,copper-ring-giant,,True,False,False,False,False,False,False,,Dark ring-shadow stripe remains in reconstructed atmospheric bands.,True,True,2c1e72466afbf0737915936a63fb9ebcd61a9f59be5b7614ff20e3e48a3e645f
P34-04,Ringed Giant B — Copper Ring Giant,Ringed Giant B — Copper Ring Giant 12.png,Ringed Giant B — Copper Ring Giant,rejected,gas-giant,copper-ring-giant,,True,False,False,False,False,False,False,,Dark ring-shadow stripe remains in reconstructed atmospheric bands.,True,True,1cfbba777edecb27cb2e7f895a79a859d6c0947a235d540d51c3ae3ffdc971ff
P34-05,Ringed Giant B — Copper Ring Giant,Ringed Giant B — Copper Ring Giant 13.png,Ringed Giant B — Copper Ring Giant,rejected,gas-giant,copper-ring-giant,,True,False,False,False,False,False,False,,Dark ring-shadow stripe remains in reconstructed atmospheric bands.,True,True,bac5e56c2e88ac8c1b5ebf53e729c63486cb311b384a7448767fe5cadf7f0bf6
P34-06,Ringed Giant B — Copper Ring Giant,Ringed Giant B — Copper Ring Giant 14.png,Ringed Giant B — Copper Ring Giant,accepted,gas-giant,copper-ring-giant,,True,False,False,False,False,True,False,,,True,True,16c984c8759ee21646d44f58473b09ddeaea9eed5ef3b31dea2da6b9c2b811de
P34-07,Ringed Giant B — Copper Ring Giant,Ringed Giant B — Copper Ring Giant 15.png,Ringed Giant B — Copper Ring Giant,accepted,gas-giant,copper-ring-giant,,True,False,False,False,False,True,False,,,True,True,5e334d8a9d94aba9373c169c4b832c3cbcdc260b2c1842145f9c8e0b7cce495e
P34-08,Ringed Giant B — Copper Ring Giant,Ringed Giant B — Copper Ring Giant 16.png,Ringed Giant B — Copper Ring Giant,rejected,gas-giant,copper-ring-giant,,True,False,False,False,False,False,False,,Dark ring-shadow stripe remains in reconstructed atmospheric bands.,True,True,7bd509ed7c9bb21c0dbf9bff702b1ce400483dccc359b60823e232404ea87b45
P34-09,Ringed Giant B — Copper Ring Giant,Ringed Giant B — Copper Ring Giant 17.png,Ringed Giant B — Copper Ring Giant,rejected,gas-giant,copper-ring-giant,,True,False,False,False,False,False,False,,Dark ring-shadow stripe remains in reconstructed atmospheric bands.,True,True,955cfc2ef36a605b0e6d30afbd510f8fdc86d13fcaca7f5256baf8081fba2aa7
P34-10,Ringed Giant B — Copper Ring Giant,Ringed Giant B — Copper Ring Giant 18.png,Ringed Giant B — Copper Ring Giant,rejected,gas-giant,copper-ring-giant,,True,False,False,False,False,False,False,,Dark ring-shadow stripe remains in reconstructed atmospheric bands.,True,True,4fb173dcde958964a935ac9302b44688985bec991875175441c309cb28f0af7b
P34-11,Ringed Giant B — Copper Ring Giant,Ringed Giant B — Copper Ring Giant 19.png,Ringed Giant B — Copper Ring Giant,accepted,gas-giant,copper-ring-giant,,True,False,False,False,False,True,False,,,True,True,fd7bd59edd35e7655324c9c9ba0f971b9db2aa9145cb39ccf482e01713c206f6
P34-12,Ringed Giant B — Copper Ring Giant,Ringed Giant B — Copper Ring Giant 2.png,Ringed Giant B — Copper Ring Giant,rejected,gas-giant,copper-ring-giant,,True,False,False,False,False,False,False,,Dark ring-shadow stripe remains in reconstructed atmospheric bands.,True,True,2a0109bd71a35b03a83a520c27d7549cbeb0f52c15338a1ed87cf773cd4d2581
P34-13,Ringed Giant B — Copper Ring Giant,Ringed Giant B — Copper Ring Giant 20.png,Ringed Giant B — Copper Ring Giant,rejected,gas-giant,copper-ring-giant,,True,False,False,False,False,False,False,,Dark ring-shadow stripe remains in reconstructed atmospheric bands.,True,True,aedaf48944ff354f250362c4792592421b9d3d8a7bf6f1cd1015052ca6c0cc64
P34-14,Ringed Giant B — Copper Ring Giant,Ringed Giant B — Copper Ring Giant 21.png,Ringed Giant B — Copper Ring Giant,accepted,gas-giant,copper-ring-giant,,True,False,False,False,False,True,False,,,True,True,22d35bc34e1c09f621d84a105b95a3e61a6ed90e9818b4f9b3791dc8857b332e
P34-15,Ringed Giant B — Copper Ring Giant,Ringed Giant B — Copper Ring Giant 3.png,Ringed Giant B — Copper Ring Giant,accepted,gas-giant,copper-ring-giant,,True,False,False,False,False,True,False,,,True,True,88cc25ed4154f0ffac6625aa4d3476d4063cf9a67197c8c5902e003cc002beae
P34-16,Ringed Giant B — Copper Ring Giant,Ringed Giant B — Copper Ring Giant 4.png,Ringed Giant B — Copper Ring Giant,accepted,gas-giant,copper-ring-giant,,True,False,False,False,False,True,False,,,True,True,086cc13b16beff5f83591cab3be6a1631a4d6923bb7d8e9570974f416de2769b
P34-17,Ringed Giant B — Copper Ring Giant,Ringed Giant B — Copper Ring Giant 5.png,Ringed Giant B — Copper Ring Giant,rejected,gas-giant,copper-ring-giant,,True,False,False,False,False,False,False,,Dark ring-shadow stripe remains in reconstructed atmospheric bands.,True,True,f1350c8a643166feeb930bc8541c83a63c5f7ef2c574f82963213941b8506911
P34-18,Ringed Giant B — Copper Ring Giant,Ringed Giant B — Copper Ring Giant 6.png,Ringed Giant B — Copper Ring Giant,rejected,gas-giant,copper-ring-giant,,True,False,False,False,False,False,False,,Dark ring-shadow stripe remains in reconstructed atmospheric bands.,True,True,58a5c73ee4f7cd7a61deac2f0a9af4a1ef75e177a8ce48fa0e966eabfe9827cc
P34-19,Ringed Giant B — Copper Ring Giant,Ringed Giant B — Copper Ring Giant 7.png,Ringed Giant B — Copper Ring Giant,rejected,gas-giant,copper-ring-giant,,True,False,False,False,False,False,False,,Dark ring-shadow stripe remains in reconstructed atmospheric bands.,True,True,453d724085121dd6b1e2adedc1b418e536eea4b7b541dfb982443975de173322
P34-20,Ringed Giant B — Copper Ring Giant,Ringed Giant B — Copper Ring Giant 8.png,Ringed Giant B — Copper Ring Giant,rejected,gas-giant,copper-ring-giant,,True,False,False,False,False,False,False,,Dark ring-shadow stripe remains in reconstructed atmospheric bands.,True,True,8b0764936133cdeff5308d5f5ee10bd1573deaf70ee88a259dcbc953a3593172
P34-21,Ringed Giant B — Copper Ring Giant,Ringed Giant B — Copper Ring Giant 9.png,Ringed Giant B — Copper Ring Giant,accepted,gas-giant,copper-ring-giant,,True,False,False,False,False,True,False,,,True,True,e6ab728ac70b81dead4f48d4374970543bfb5d5fff77ea8a50006bf07656c510
P35-01,Ringed Giant C — Blue Ring Giant,Ringed Giant C — Blue Ring Giant 1.png,Ringed Giant C — Blue Ring Giant,accepted,ice-giant,blue-ring-giant,,True,False,False,False,False,True,False,,,True,True,4797e2ce3cedb73c8bfbe35f7f9c47efbb1c21e05ee03a42528108f04da8785b
P35-02,Ringed Giant C — Blue Ring Giant,Ringed Giant C — Blue Ring Giant 10.png,Ringed Giant C — Blue Ring Giant,rejected,ice-giant,blue-ring-giant,,True,False,False,False,False,False,False,,Bright localized glossy highlight in cloud bands.,False,False,2deba978ef74c13077083289578319c57bab275fe3e7b8dfede5a04c848ab0fd
P35-03,Ringed Giant C — Blue Ring Giant,Ringed Giant C — Blue Ring Giant 11.png,Ringed Giant C — Blue Ring Giant,rejected,ice-giant,blue-ring-giant,,True,False,False,False,False,not prepared (source excluded),False,,Regular graphic spiral ornaments look artificially drawn.,False,False,5e8513d6429587ad0c1f4d030da6ba8068cc16aebb820ffaed37668a695c29bd
P35-04,Ringed Giant C — Blue Ring Giant,Ringed Giant C — Blue Ring Giant 12.png,Ringed Giant C — Blue Ring Giant,accepted,ice-giant,blue-ring-giant,,True,False,False,False,False,True,False,,,True,True,94c50b44bac2cce2ad8f19e770bea7f6506b02f246bf2060908a0e5b5f3c24c2
P35-05,Ringed Giant C — Blue Ring Giant,Ringed Giant C — Blue Ring Giant 13.png,Ringed Giant C — Blue Ring Giant,accepted,ice-giant,blue-ring-giant,,True,False,False,False,False,True,False,,,True,True,33cfd4141f332aec77444633ff69a180dcebe76bc6fca040846393d00413eb22
P35-06,Ringed Giant C — Blue Ring Giant,Ringed Giant C — Blue Ring Giant 14.png,Ringed Giant C — Blue Ring Giant,accepted,ice-giant,blue-ring-giant,,True,False,False,False,False,True,False,,,True,True,8a03530d83ca3cdc02db12408f16c5a170fee35963381c460599b51afef5dab1
P35-07,Ringed Giant C — Blue Ring Giant,Ringed Giant C — Blue Ring Giant 15.png,Ringed Giant C — Blue Ring Giant,accepted,ice-giant,blue-ring-giant,,True,False,False,False,False,True,False,,,True,True,ce64abf4fbccc3f23146c9498a9275f78349165af9bef541b608f3eea5974992
P35-08,Ringed Giant C — Blue Ring Giant,Ringed Giant C — Blue Ring Giant 16.png,Ringed Giant C — Blue Ring Giant,accepted,ice-giant,blue-ring-giant,,True,False,False,False,False,True,False,,,True,True,9c6311924c8ed399255edd60632904290248b110db900082c64087efa0c799d0
P35-09,Ringed Giant C — Blue Ring Giant,Ringed Giant C — Blue Ring Giant 17.png,Ringed Giant C — Blue Ring Giant,rejected,ice-giant,blue-ring-giant,,True,False,False,False,False,False,False,,Material preparation retained excessive unrecoverable darkness or clipped highlights.,False,False,1c9b7c3087f86534ad9eabbdf708c45dbe96527c56bcb1754464dc566bade7b0
P35-10,Ringed Giant C — Blue Ring Giant,Ringed Giant C — Blue Ring Giant 18.png,Ringed Giant C — Blue Ring Giant,accepted,ice-giant,blue-ring-giant,,True,False,False,False,False,True,False,,,True,True,4ffb74147711c1c43bd536bda98bfa0f197704e71292407c49f8a63ceb0517d3
P35-11,Ringed Giant C — Blue Ring Giant,Ringed Giant C — Blue Ring Giant 19.png,Ringed Giant C — Blue Ring Giant,rejected,ice-giant,blue-ring-giant,,True,False,False,False,False,False,False,,Bright localized glossy highlight in cloud bands.,False,False,8b489213ab4535c5cf9280ebff8677699c6c30a29d4cfba15f1d9dd733f02fdf
P35-12,Ringed Giant C — Blue Ring Giant,Ringed Giant C — Blue Ring Giant 2.png,Ringed Giant C — Blue Ring Giant,accepted,ice-giant,blue-ring-giant,,True,False,False,False,False,True,False,,,True,True,7f035d6d12ace1e7a998a7990e05c1193fd45674ae620f0584b0a8e61897ab0a
P35-13,Ringed Giant C — Blue Ring Giant,Ringed Giant C — Blue Ring Giant 20.png,Ringed Giant C — Blue Ring Giant,accepted,ice-giant,blue-ring-giant,,True,False,False,False,False,True,False,,,True,True,6922110b3534e9a10d6c14c1dcd77f44f7d3adac802f1e9aa30adab63c5fdd99
P35-14,Ringed Giant C — Blue Ring Giant,Ringed Giant C — Blue Ring Giant 21.png,Ringed Giant C — Blue Ring Giant,accepted,ice-giant,blue-ring-giant,,True,False,False,False,False,True,False,,,True,True,fb2f241b44482a95f012e6d9a375201e9003d62ee34c39cdb7f7a92c262df169
P35-15,Ringed Giant C — Blue Ring Giant,Ringed Giant C — Blue Ring Giant 22.png,Ringed Giant C — Blue Ring Giant,accepted,ice-giant,blue-ring-giant,,True,False,False,False,False,True,False,,,True,True,01476f8ba9e4c05fb781553ae87c21b0d7294c316e4c2edf5b078e7c5de5443c
P35-16,Ringed Giant C — Blue Ring Giant,Ringed Giant C — Blue Ring Giant 23.png,Ringed Giant C — Blue Ring Giant,accepted,ice-giant,blue-ring-giant,,True,False,False,False,False,True,False,,,True,True,e82b2e15606918c011cbc3adce3e6145762a62d378acc70be814f962b729b2f5
P35-17,Ringed Giant C — Blue Ring Giant,Ringed Giant C — Blue Ring Giant 24.png,Ringed Giant C — Blue Ring Giant,accepted,ice-giant,blue-ring-giant,,True,False,False,False,False,True,False,,,True,True,39bb21acd00a7648a58cc69a3155379f22e02d8a688b2b5be9bf0eacbbd5d18a
P35-18,Ringed Giant C — Blue Ring Giant,Ringed Giant C — Blue Ring Giant 3.png,Ringed Giant C — Blue Ring Giant,rejected,ice-giant,blue-ring-giant,,True,False,False,False,False,False,False,,Dark ring-shadow stripe remains in reconstructed atmospheric bands.,True,True,da14b5985ac8232634ea3d389e22701ec2d11465d35afd07ae502bfc1f227eac
P35-19,Ringed Giant C — Blue Ring Giant,Ringed Giant C — Blue Ring Giant 4.png,Ringed Giant C — Blue Ring Giant,accepted,ice-giant,blue-ring-giant,,True,False,False,False,False,True,False,,,True,True,ad3813107ac1e0b290c38acabb79f8366e8b49416e9364c2fe01b049582c722a
P35-20,Ringed Giant C — Blue Ring Giant,Ringed Giant C — Blue Ring Giant 5.png,Ringed Giant C — Blue Ring Giant,accepted,ice-giant,blue-ring-giant,,True,False,False,False,False,True,False,,,True,True,ad88c9a00c0ab401820dcc9ff9173013df31aeb21982e1c86abb2c3f8f9594aa
P35-21,Ringed Giant C — Blue Ring Giant,Ringed Giant C — Blue Ring Giant 6.png,Ringed Giant C — Blue Ring Giant,accepted,ice-giant,blue-ring-giant,,True,False,False,False,False,True,False,,,True,True,f30aa0009ee4361eca1c0da321790ffe0b33e81ae850801c2265a35a5f2673c4
P35-22,Ringed Giant C — Blue Ring Giant,Ringed Giant C — Blue Ring Giant 7.png,Ringed Giant C — Blue Ring Giant,accepted,ice-giant,blue-ring-giant,,True,False,False,False,False,True,False,,,True,True,bbc4267a840bcfc8a948665db0231a653f311e9ee5f6258e11422758066af4c0
P35-23,Ringed Giant C — Blue Ring Giant,Ringed Giant C — Blue Ring Giant 8.png,Ringed Giant C — Blue Ring Giant,accepted,ice-giant,blue-ring-giant,,True,False,False,False,False,True,False,,,True,True,28b53d1e2571d9167c452687ca4ad218012ac28c0bf94af5604b292dea988de6
P35-24,Ringed Giant C — Blue Ring Giant,Ringed Giant C — Blue Ring Giant 9.png,Ringed Giant C — Blue Ring Giant,accepted,ice-giant,blue-ring-giant,,True,False,False,False,False,True,False,,,True,True,76b2d23f2da08966b5930af4153d583023b61bb3b52b14a481636cff35c4167e
P36-01,Super-Earth A — Massive Habitable World,Super- Earth A — Massive Habitable World 1.png,Super-Earth A — Massive Habitable World,accepted,super-earth,massive-habitable,,True,True,True,False,False,True,False,,,True,True,60731e3f9d52f9fe12b5d1bcc376c46ea3c070e7a437fed07add05f422c530af
P36-02,Super-Earth A — Massive Habitable World,Super- Earth A — Massive Habitable World 10.png,Super-Earth A — Massive Habitable World,accepted,super-earth,massive-habitable,,True,True,True,False,False,True,False,,,True,True,76338343f4ce90dc89c602ff1b5e4785a0dbb02d1a76bd41de480830a993c996
P36-03,Super-Earth A — Massive Habitable World,Super- Earth A — Massive Habitable World 11.png,Super-Earth A — Massive Habitable World,accepted,super-earth,rocky-high-gravity,barren; desert,True,False,False,False,False,True,False,Dry pale or pink mineral terrain; broad habitable oceans/vegetation are not visible.,,True,True,db40841f41191e629369ce18f6a233a9b8efd16e15ad9207fb00b76a389fc526
P36-04,Super-Earth A — Massive Habitable World,Super- Earth A — Massive Habitable World 12.png,Super-Earth A — Massive Habitable World,rejected,super-earth,massive-habitable,,True,True,varies,False,False,not prepared (source excluded),True,,Recognizable Earth continental geography is unsuitable for fictional alien worlds.,False,False,2717fb6e6751d20b0648593e0232f96c8f718c7b7e4073f4b83ddeb04c7c508d
P36-05,Super-Earth A — Massive Habitable World,Super- Earth A — Massive Habitable World 13.png,Super-Earth A — Massive Habitable World,accepted,super-earth,massive-habitable,,True,True,True,False,False,True,False,,,True,True,23fe854a1edc1bd7c509485fe783e2d4e621e5c3e7742f9a64e3f759a4c4310f
P36-06,Super-Earth A — Massive Habitable World,Super- Earth A — Massive Habitable World 14.png,Super-Earth A — Massive Habitable World,accepted,super-earth,massive-habitable,,True,True,True,False,False,True,False,,,True,True,593f05237d4a8e160f31abbf809d56af855fd157d4fcf5065cf18bdbdcae1135
P36-07,Super-Earth A — Massive Habitable World,Super- Earth A — Massive Habitable World 15.png,Super-Earth A — Massive Habitable World,rejected,super-earth,massive-habitable,,True,True,varies,False,False,not prepared (source excluded),False,,Excessive blur and underexposure obscure recoverable surface detail.,False,False,349af03d2ae9448be8ad2d217dc2817bcc7afefecaea08982363c964dcb6de9c
P36-08,Super-Earth A — Massive Habitable World,Super- Earth A — Massive Habitable World 16.png,Super-Earth A — Massive Habitable World,rejected,super-earth,massive-habitable,,True,True,varies,False,False,not prepared (source excluded),True,,Recognizable Earth continental geography is unsuitable for fictional alien worlds.,False,False,4c8dc6e1ed089e30c9e21343728fa9e94c7b18c4e9c6c42938a1c2ab132e8b1f
P36-09,Super-Earth A — Massive Habitable World,Super- Earth A — Massive Habitable World 17.png,Super-Earth A — Massive Habitable World,rejected,super-earth,massive-habitable,,True,True,varies,False,False,False,False,,"Persistent colored limb glare, ocean hotspot, or baked shadow strip remains visible during rotation.",True,True,e15812ef21b67fcb47780fb19ba28a277badcfd491007ad18cfc7fa8e10c99e5
P36-10,Super-Earth A — Massive Habitable World,Super- Earth A — Massive Habitable World 18.png,Super-Earth A — Massive Habitable World,rejected,super-earth,massive-habitable,,True,True,varies,False,False,False,False,,"Persistent colored limb glare, ocean hotspot, or baked shadow strip remains visible during rotation.",True,True,e5d5a2e3fb59be1351508ddb959e1012b9ec02bb7f1170b92614c58f06c8647c
P36-11,Super-Earth A — Massive Habitable World,Super- Earth A — Massive Habitable World 19.png,Super-Earth A — Massive Habitable World,accepted,super-earth,massive-habitable,,True,True,True,False,False,True,False,,,True,True,f7eb79cba9ab975c2e516e8cfc857235234aa8d910335350de45fa48fe0e12ed
P36-12,Super-Earth A — Massive Habitable World,Super- Earth A — Massive Habitable World 2.png,Super-Earth A — Massive Habitable World,rejected,super-earth,massive-habitable,,True,True,varies,False,False,False,False,,Strong localized baked specular glare cannot serve as neutral albedo.,False,False,19ad7bb20c65919014f362e6c8d2e7dd2fbbd291e36deaa603517e6e356d2fc7
P36-13,Super-Earth A — Massive Habitable World,Super- Earth A — Massive Habitable World 20.png,Super-Earth A — Massive Habitable World,accepted,super-earth,massive-habitable,,True,True,True,False,False,True,False,,,True,True,54b5039d1a6e182270f618c500705230bfe942474a351e64cc2b85d7e8a657e6
P36-14,Super-Earth A — Massive Habitable World,Super- Earth A — Massive Habitable World 21.png,Super-Earth A — Massive Habitable World,accepted,super-earth,massive-habitable,,True,True,True,False,False,True,False,,,True,True,8138f991a8314f5d27c5690ab9443e4d157ff0455f7c0e3589b8339f5350f120
P36-15,Super-Earth A — Massive Habitable World,Super- Earth A — Massive Habitable World 22.png,Super-Earth A — Massive Habitable World,rejected,super-earth,massive-habitable,,True,True,varies,False,False,not prepared (source excluded),True,,Closer inspection confirms recognizable Earth-derived continents/coastlines; excluded from alien-world selection.,False,False,4641cbd5f0186921d3a6a81c589b93d42740de6c3ab7d8d31e0e98a2fca993d7
P36-16,Super-Earth A — Massive Habitable World,Super- Earth A — Massive Habitable World 23.png,Super-Earth A — Massive Habitable World,accepted,super-earth,massive-habitable,,True,True,True,False,False,True,False,,,True,True,d506afa93273de86925b04d884b9ff5d6699eb3c595929bbd67259010dd49530
P36-17,Super-Earth A — Massive Habitable World,Super- Earth A — Massive Habitable World 24.png,Super-Earth A — Massive Habitable World,accepted,super-earth,rocky-high-gravity,barren; desert,True,False,False,False,False,True,False,Dry pale or pink mineral terrain; broad habitable oceans/vegetation are not visible.,,True,True,84b0b3a1638311a00c9105aaba0b9b448427fb268e69e782f619e1204b620a61
P36-18,Super-Earth A — Massive Habitable World,Super- Earth A — Massive Habitable World 25.png,Super-Earth A — Massive Habitable World,accepted,super-earth,massive-habitable,,True,True,True,False,False,True,False,,,True,True,824f098b0692735a49583796a46181880e8e616c6a14d78aeb9098dec509960c
P36-19,Super-Earth A — Massive Habitable World,Super- Earth A — Massive Habitable World 26.png,Super-Earth A — Massive Habitable World,accepted,super-earth,massive-habitable,,True,True,True,False,False,True,False,,,True,True,3dd6c36cdb7b3df56d4364c3a8aa1d8d20cba7135adcd3817d54748add1ea7bb
P36-20,Super-Earth A — Massive Habitable World,Super- Earth A — Massive Habitable World 3.png,Super-Earth A — Massive Habitable World,accepted,super-earth,massive-habitable,,True,True,True,False,False,True,False,,,True,True,bc5f25c868acecc3d5e945fa61679065e399b9cd47220733827cfad0b933edc5
P36-21,Super-Earth A — Massive Habitable World,Super- Earth A — Massive Habitable World 4.png,Super-Earth A — Massive Habitable World,accepted,super-earth,rocky-high-gravity,barren; desert,True,False,False,False,False,True,False,Dry pale or pink mineral terrain; broad habitable oceans/vegetation are not visible.,,True,True,1b9e8da367a754d3922c342707b4e57efc50bd8e934f3110ae26d209e5044ca7
P36-22,Super-Earth A — Massive Habitable World,Super- Earth A — Massive Habitable World 5.png,Super-Earth A — Massive Habitable World,accepted,super-earth,massive-habitable,,True,True,True,False,False,True,False,,,True,True,d1bc323abb59f97d6162c5a13d5cabd988aab3bda804b715784774b9579a6b31
P36-23,Super-Earth A — Massive Habitable World,Super- Earth A — Massive Habitable World 6.png,Super-Earth A — Massive Habitable World,rejected,super-earth,massive-habitable,,True,True,varies,False,False,not prepared (source excluded),True,,Closer inspection confirms recognizable Earth-derived continents/coastlines; excluded from alien-world selection.,False,False,326a4cd327bd9712cf4a5cde4d93d0de097e5a05f7ec3c5e04c9dae3d0927ac4
P36-24,Super-Earth A — Massive Habitable World,Super- Earth A — Massive Habitable World 7.png,Super-Earth A — Massive Habitable World,rejected,super-earth,massive-habitable,,True,True,varies,False,False,False,False,,"Persistent colored limb glare, ocean hotspot, or baked shadow strip remains visible during rotation.",True,True,f5b1b19ea06cfef6764f66327a7e797102d4b31fc76e4ad24692f702be4c4da7
P36-25,Super-Earth A — Massive Habitable World,Super- Earth A — Massive Habitable World 8.png,Super-Earth A — Massive Habitable World,accepted,super-earth,massive-habitable,,True,True,True,False,False,True,False,,,True,True,019f748a06f66bc57fa44aa0c3fd1524e73095870e2274b669a4f9db37edfd68
P36-26,Super-Earth A — Massive Habitable World,Super- Earth A — Massive Habitable World 9.png,Super-Earth A — Massive Habitable World,rejected,super-earth,massive-habitable,,True,True,varies,False,False,False,False,,"Persistent colored limb glare, ocean hotspot, or baked shadow strip remains visible during rotation.",True,True,182d2515a1899ce699da49aafcb20356a182d3196765fff13060efadb75c994a
P37-01,Super-Earth B — Rocky High-Gravity World,Super- Earth B — Rocky High- Gravity World 1.png,Super-Earth B — Rocky High-Gravity World,rejected,super-earth,rocky-high-gravity,barren; desert,varies,False,False,False,False,False,False,,Severe baked hemisphere/terminator or rim lighting conceals usable surface color.,False,False,7a4e33819dfa80503025c35bc6e2c82c36c8d5fab097e4e5a8858cd3f7104edc
P37-02,Super-Earth B — Rocky High-Gravity World,Super- Earth B — Rocky High- Gravity World 10.png,Super-Earth B — Rocky High-Gravity World,rejected,super-earth,rocky-high-gravity,barren; desert,varies,False,False,False,False,False,False,,Severe baked hemisphere/terminator or rim lighting conceals usable surface color.,False,False,0a58d86735f842942dd85b4a690f59789485003cb1164aa7732a10da1eca5009
P37-03,Super-Earth B — Rocky High-Gravity World,Super- Earth B — Rocky High- Gravity World 11.png,Super-Earth B — Rocky High-Gravity World,accepted,super-earth,rocky-high-gravity,barren; desert,varies,False,False,False,False,True,False,,,True,True,4a92980f7572e97e1abc45314151c682575eff16ea7690d37d36b9dbfcaed2ff
P37-04,Super-Earth B — Rocky High-Gravity World,Super- Earth B — Rocky High- Gravity World 12.png,Super-Earth B — Rocky High-Gravity World,accepted,super-earth,rocky-high-gravity,barren; desert,varies,False,False,False,False,True,False,,,True,True,3776bbbf92f78efc46bd636fe618844701d898ff5253f55ed2c14195ce7532f0
P37-05,Super-Earth B — Rocky High-Gravity World,Super- Earth B — Rocky High- Gravity World 13.png,Super-Earth B — Rocky High-Gravity World,rejected,super-earth,rocky-high-gravity,barren; desert,varies,False,False,False,False,False,False,,"Persistent colored limb glare, ocean hotspot, or baked shadow strip remains visible during rotation.",True,True,514977fef7f69a4a8900b28e693e4cc1a538d785fa016e73cfe0db7fae185947
P37-06,Super-Earth B — Rocky High-Gravity World,Super- Earth B — Rocky High- Gravity World 14.png,Super-Earth B — Rocky High-Gravity World,rejected,super-earth,rocky-high-gravity,barren; desert,varies,False,False,False,False,False,False,,Strong localized baked specular glare cannot serve as neutral albedo.,False,False,f97c03549e9449291eb1e6cf0ffef9f5232440244b6523159bac41922166c839
P37-07,Super-Earth B — Rocky High-Gravity World,Super- Earth B — Rocky High- Gravity World 15.png,Super-Earth B — Rocky High-Gravity World,accepted,super-earth,rocky-high-gravity,barren; desert,varies,False,False,False,False,True,False,,,True,True,259a18a13bbf2dc22649bf267c4b33fef9ea4dc88f1ce5177da23a1f44536b3c
P37-08,Super-Earth B — Rocky High-Gravity World,Super- Earth B — Rocky High- Gravity World 16.png,Super-Earth B — Rocky High-Gravity World,rejected,super-earth,rocky-high-gravity,barren; desert,varies,False,False,False,False,False,False,,"Persistent colored limb glare, ocean hotspot, or baked shadow strip remains visible during rotation.",True,True,008130492c7aae457ae13d1ffe4e8ea04a087967d4dc88a3e6fd6b5e8bbef179
P37-09,Super-Earth B — Rocky High-Gravity World,Super- Earth B — Rocky High- Gravity World 17.png,Super-Earth B — Rocky High-Gravity World,accepted,super-earth,rocky-high-gravity,barren; desert,varies,False,False,False,False,True,False,,,True,True,d3c730ed00520dfae0ebdc8e9f9a15b2d5777ff6f915836f75a7c12933660784
P37-10,Super-Earth B — Rocky High-Gravity World,Super- Earth B — Rocky High- Gravity World 18.png,Super-Earth B — Rocky High-Gravity World,accepted,super-earth,rocky-high-gravity,barren; desert,varies,False,False,False,False,True,False,,,True,True,b1c770de85f5b151e93d56dbbd405730ae6fb1dadb8ba4db84c782749e5e6b9b
P37-11,Super-Earth B — Rocky High-Gravity World,Super- Earth B — Rocky High- Gravity World 19.png,Super-Earth B — Rocky High-Gravity World,rejected,super-earth,rocky-high-gravity,barren; desert,varies,False,False,False,False,False,False,,Strong localized baked specular glare cannot serve as neutral albedo.,False,False,012e3617848f6e2f5dcd432190b768ef7fd026488199b86af9d77bc7ec58fd9d
P37-12,Super-Earth B — Rocky High-Gravity World,Super- Earth B — Rocky High- Gravity World 2.png,Super-Earth B — Rocky High-Gravity World,rejected,super-earth,rocky-high-gravity,barren; desert,varies,False,False,False,False,False,False,,"Persistent colored limb glare, ocean hotspot, or baked shadow strip remains visible during rotation.",True,True,7d2db8daa7cfd7b1b67971574e086f46a9f5fcfe4e8c11db6632036ecf2b81dd
P37-13,Super-Earth B — Rocky High-Gravity World,Super- Earth B — Rocky High- Gravity World 20.png,Super-Earth B — Rocky High-Gravity World,rejected,super-earth,rocky-high-gravity,barren; desert,varies,False,False,False,False,False,False,,Strong localized baked specular glare cannot serve as neutral albedo.,False,False,08785370dd223cf17693ecb9aabd7126408a095a1bccefba85f7d095da611fb6
P37-14,Super-Earth B — Rocky High-Gravity World,Super- Earth B — Rocky High- Gravity World 21.png,Super-Earth B — Rocky High-Gravity World,rejected,super-earth,rocky-high-gravity,barren; desert,varies,False,False,False,False,not prepared (source excluded),False,,Continental-scale vertical cliffs look like a miniature rock; exaggerated geological relief is not a usable surface source.,False,False,c574eb4cb96fbd0774f8529857e7f642abc1394acfde8fb3a49a8a08813d7199
P37-15,Super-Earth B — Rocky High-Gravity World,Super- Earth B — Rocky High- Gravity World 22.png,Super-Earth B — Rocky High-Gravity World,accepted,super-earth,rocky-high-gravity,barren; desert,varies,False,False,False,False,True,False,,,True,True,727b74613e58b6ab79fce4b2d84c2f0954b65ad69798f09cc946670003aa9d64
P37-16,Super-Earth B — Rocky High-Gravity World,Super- Earth B — Rocky High- Gravity World 23.png,Super-Earth B — Rocky High-Gravity World,accepted,super-earth,rocky-high-gravity,barren; desert,varies,False,False,False,False,True,False,,,True,True,124161585502bead96a1a8cfdc38c54b35dab68eb633af0bcb80ddb843b73385
P37-17,Super-Earth B — Rocky High-Gravity World,Super- Earth B — Rocky High- Gravity World 24.png,Super-Earth B — Rocky High-Gravity World,accepted,super-earth,rocky-high-gravity,barren; desert,varies,False,False,False,False,True,False,,,True,True,e16abbf8ecab471292fef175e8962d864ef43a8bd8b577b0ac78a483fb56e187
P37-18,Super-Earth B — Rocky High-Gravity World,Super- Earth B — Rocky High- Gravity World 25.png,Super-Earth B — Rocky High-Gravity World,accepted,super-earth,rocky-high-gravity,barren; desert,varies,False,False,False,False,True,False,,,True,True,cb21eccf4942296fea4b245e39948dd7200f6bddcf922f73aee55486fae95cf7
P37-19,Super-Earth B — Rocky High-Gravity World,Super- Earth B — Rocky High- Gravity World 26.png,Super-Earth B — Rocky High-Gravity World,rejected,super-earth,rocky-high-gravity,barren; desert,varies,False,False,False,False,False,False,,"No complete, sufficiently resolved globe silhouette was recovered.",False,False,2e5ec94a8ad53ded6569ecbedf8827378c2a1250f10baf9513f7c434adb7f556
P37-20,Super-Earth B — Rocky High-Gravity World,Super- Earth B — Rocky High- Gravity World 27.png,Super-Earth B — Rocky High-Gravity World,accepted,super-earth,rocky-high-gravity,barren; desert,varies,False,False,False,False,True,False,,,True,True,018224a43099b9d23f24467bc463af2577fcfbffac9e6ce6c8c63f58b4b21c32
P37-21,Super-Earth B — Rocky High-Gravity World,Super- Earth B — Rocky High- Gravity World 3.png,Super-Earth B — Rocky High-Gravity World,rejected,super-earth,rocky-high-gravity,barren; desert,varies,False,False,False,False,False,False,,"Persistent colored limb glare, ocean hotspot, or baked shadow strip remains visible during rotation.",True,True,36302e9dbfe5cf1018a83cb770c225088c5cee23f9c6906a89f596c05016b014
P37-22,Super-Earth B — Rocky High-Gravity World,Super- Earth B — Rocky High- Gravity World 4.png,Super-Earth B — Rocky High-Gravity World,accepted,super-earth,rocky-high-gravity,barren; desert,varies,False,False,False,False,True,False,,,True,True,c2c9b19207d5d04f2d8a72fa221320d5e0d7a19683bd4bc266c490bad446ca46
P37-23,Super-Earth B — Rocky High-Gravity World,Super- Earth B — Rocky High- Gravity World 5.png,Super-Earth B — Rocky High-Gravity World,accepted,super-earth,rocky-high-gravity,barren; desert,varies,False,False,False,False,True,False,,,True,True,bfad20a6b78dd7ab67908f6054ddf43aedef0fd840e0b67fc22e8a42aba7bc35
P37-24,Super-Earth B — Rocky High-Gravity World,Super- Earth B — Rocky High- Gravity World 6.png,Super-Earth B — Rocky High-Gravity World,rejected,super-earth,rocky-high-gravity,barren; desert,varies,False,False,False,False,not prepared (source excluded),True,,Recognizable Earth continental geography is unsuitable for fictional alien worlds.,False,False,f71f32cc4f4e0a1c8e182a11fee4f2fbb3c4cc82e3d85d847d8c27b926042c60
P37-25,Super-Earth B — Rocky High-Gravity World,Super- Earth B — Rocky High- Gravity World 7.png,Super-Earth B — Rocky High-Gravity World,accepted,super-earth,rocky-high-gravity,barren; desert,varies,False,False,False,False,True,False,,,True,True,c903945093c39d8750911bba82b5fc1b070ab9238b91dc56e3c4451a58004840
P37-26,Super-Earth B — Rocky High-Gravity World,Super- Earth B — Rocky High- Gravity World 8.png,Super-Earth B — Rocky High-Gravity World,rejected,super-earth,rocky-high-gravity,barren; desert,varies,False,False,False,False,False,False,,Strong localized baked specular glare cannot serve as neutral albedo.,False,False,12c15c353a70ed44b6b7c07c1f37ffc6466439a0485877ea716e8cced8ecd33f
P37-27,Super-Earth B — Rocky High-Gravity World,Super- Earth B — Rocky High- Gravity World 9.png,Super-Earth B — Rocky High-Gravity World,rejected,super-earth,greenhouse,,varies,False,False,False,False,False,False,Opaque amber cloud envelope; a rocky surface is not visible.,"Persistent colored limb glare, ocean hotspot, or baked shadow strip remains visible during rotation.",True,True,603ddbe488ae4c152a5d4c2114c1f2d97b2872ebb034e7537697402eec1804ba
P38-01,Super-Earth C — Cold Oceanic Super-Earth,Super- Earth C — Cold Oceanic Super- Earth 1.png,Super-Earth C — Cold Oceanic Super-Earth,accepted,super-earth,cold-oceanic,,True,True,False,True,False,True,False,,,True,True,4b2528075ddc3e77c9c7fc16409938d1bfdab08eaf53495b921502b4e17d6678
P38-02,Super-Earth C — Cold Oceanic Super-Earth,Super- Earth C — Cold Oceanic Super- Earth 10.png,Super-Earth C — Cold Oceanic Super-Earth,accepted,super-earth,cold-oceanic,,True,True,False,True,False,True,False,,,True,True,4c008a3c90046182ddd7911dbf8ab6c49f252c2a6ebdcfe75f523f334975a05d
P38-03,Super-Earth C — Cold Oceanic Super-Earth,Super- Earth C — Cold Oceanic Super- Earth 11.png,Super-Earth C — Cold Oceanic Super-Earth,rejected,frozen,blue-glacier,super-earth,True,True,False,varies,False,False,False,Continuous blue fractured ice instead of exposed liquid oceans.,"Persistent colored limb glare, ocean hotspot, or baked shadow strip remains visible during rotation.",True,True,c61a9bc07e915a835146d30bee8ebab772ec4419a95aa0dfa293bf78f5e5c1e0
P38-04,Super-Earth C — Cold Oceanic Super-Earth,Super- Earth C — Cold Oceanic Super- Earth 12.png,Super-Earth C — Cold Oceanic Super-Earth,accepted,super-earth,cold-oceanic,,True,True,False,True,False,True,False,,,True,True,d88549c45381cd5374fcd3a9f30e6dba59f6de82e434c32a3425ec03d91fe3d6
P38-05,Super-Earth C — Cold Oceanic Super-Earth,Super- Earth C — Cold Oceanic Super- Earth 13.png,Super-Earth C — Cold Oceanic Super-Earth,rejected,super-earth,cold-oceanic,,True,True,False,varies,False,False,False,,"Persistent colored limb glare, ocean hotspot, or baked shadow strip remains visible during rotation.",True,True,a521ef33b25cac06222e642b0c6ded9a43066dc701a4761050c617c1b49f5a5f
P38-06,Super-Earth C — Cold Oceanic Super-Earth,Super- Earth C — Cold Oceanic Super- Earth 14.png,Super-Earth C — Cold Oceanic Super-Earth,accepted,super-earth,cold-oceanic,,True,True,False,True,False,True,False,,,True,True,429345d79d99525174b3e026d5923c4d1936c37eef3eb25325323807e2da074a
P38-07,Super-Earth C — Cold Oceanic Super-Earth,Super- Earth C — Cold Oceanic Super- Earth 15.png,Super-Earth C — Cold Oceanic Super-Earth,accepted,super-earth,cold-oceanic,,True,True,False,True,False,True,False,,,True,True,2cacf9affda3fb7d18035eacdca5fa6a174e739450cebb48ba6c4221e7bc05c0
P38-08,Super-Earth C — Cold Oceanic Super-Earth,Super- Earth C — Cold Oceanic Super- Earth 16.png,Super-Earth C — Cold Oceanic Super-Earth,rejected,super-earth,cold-oceanic,,True,True,False,varies,False,not prepared (source excluded),True,,Closer inspection confirms recognizable Earth-derived continents/coastlines; excluded from alien-world selection.,False,False,00751e45d9808ef9c36ac5e599299da0d77d3c4f9b027edbbfa1aee723a64431
P38-09,Super-Earth C — Cold Oceanic Super-Earth,Super- Earth C — Cold Oceanic Super- Earth 17.png,Super-Earth C — Cold Oceanic Super-Earth,accepted,super-earth,cold-oceanic,,True,True,False,True,False,True,False,,,True,True,66fbce4096ae7ef5c1b6a868fb93f1d117982fb4aebbed715ec3858db129f23f
P38-10,Super-Earth C — Cold Oceanic Super-Earth,Super- Earth C — Cold Oceanic Super- Earth 18.png,Super-Earth C — Cold Oceanic Super-Earth,accepted,super-earth,cold-oceanic,,True,True,False,True,False,True,False,,,True,True,1b42d1cca2ac7d63dd21a1ac5ed4dee693a5959e4dacce170ba3fab4222d511b
P38-11,Super-Earth C — Cold Oceanic Super-Earth,Super- Earth C — Cold Oceanic Super- Earth 19.png,Super-Earth C — Cold Oceanic Super-Earth,accepted,mini-neptune,blue-cloud,,True,False,False,False,False,True,False,Opaque continuous blue atmospheric envelope; a liquid-water surface is not established.,,True,True,db1477f520c89f3d4b8d23ee4e1acff47a7f2c8ec2160ac2afed398129b1e3df
P38-12,Super-Earth C — Cold Oceanic Super-Earth,Super- Earth C — Cold Oceanic Super- Earth 2.png,Super-Earth C — Cold Oceanic Super-Earth,accepted,mini-neptune,blue-cloud,,True,False,False,False,False,True,False,Opaque continuous blue atmospheric envelope; a liquid-water surface is not established.,,True,True,3a2daf83407e12c5fe3f07da1ee7462b7ead25551576cb87c126a6b8aacb4a1d
P38-13,Super-Earth C — Cold Oceanic Super-Earth,Super- Earth C — Cold Oceanic Super- Earth 20.png,Super-Earth C — Cold Oceanic Super-Earth,accepted,super-earth,cold-oceanic,,True,True,False,True,False,True,False,,,True,True,72ce1e2c634e831901e1a7a68e9a645a28ebdb49bd8628b6e89620facc5f75cc
P38-14,Super-Earth C — Cold Oceanic Super-Earth,Super- Earth C — Cold Oceanic Super- Earth 21.png,Super-Earth C — Cold Oceanic Super-Earth,rejected,super-earth,cold-oceanic,,True,True,False,varies,False,not prepared (source excluded),True,,Closer inspection confirms recognizable Earth-derived continents/coastlines; excluded from alien-world selection.,False,False,21afcae5f7f2d388df3154759e30aba8d3abee1df2c15bfc24c60b8404a34564
P38-15,Super-Earth C — Cold Oceanic Super-Earth,Super- Earth C — Cold Oceanic Super- Earth 22.png,Super-Earth C — Cold Oceanic Super-Earth,rejected,super-earth,cold-oceanic,,True,True,False,varies,False,False,False,,"Persistent colored limb glare, ocean hotspot, or baked shadow strip remains visible during rotation.",True,True,af232b82943438c3730fc29e2dcf9371beee510095ffb7100dbf8d68412d3c60
P38-16,Super-Earth C — Cold Oceanic Super-Earth,Super- Earth C — Cold Oceanic Super- Earth 23.png,Super-Earth C — Cold Oceanic Super-Earth,accepted,super-earth,cold-oceanic,,True,True,False,True,False,True,False,,,True,True,cfa34f2a9602e00d1e52c90f903cc0c0b72f4a4255a6ab0dfc372a60b447c939
P38-17,Super-Earth C — Cold Oceanic Super-Earth,Super- Earth C — Cold Oceanic Super- Earth 3.png,Super-Earth C — Cold Oceanic Super-Earth,rejected,super-earth,cold-oceanic,,True,True,False,varies,False,False,False,,"Persistent colored limb glare, ocean hotspot, or baked shadow strip remains visible during rotation.",True,True,7f86f1005aad440d5d91f21bbd111b547bc5330ae54de567230395d75fd11758
P38-18,Super-Earth C — Cold Oceanic Super-Earth,Super- Earth C — Cold Oceanic Super- Earth 4.png,Super-Earth C — Cold Oceanic Super-Earth,accepted,super-earth,cold-oceanic,,True,True,False,True,False,True,False,,,True,True,e5acefb35845e87452ba17625cde238441ff7d11d58f87f31065c160f52533a7
P38-19,Super-Earth C — Cold Oceanic Super-Earth,Super- Earth C — Cold Oceanic Super- Earth 5.png,Super-Earth C — Cold Oceanic Super-Earth,accepted,super-earth,cold-oceanic,,True,True,False,True,False,True,False,,,True,True,6abadfe501b4088a5d8d356e664f9bd4d46bf9e0f55354c023101edb78fb5427
P38-20,Super-Earth C — Cold Oceanic Super-Earth,Super- Earth C — Cold Oceanic Super- Earth 6.png,Super-Earth C — Cold Oceanic Super-Earth,accepted,super-earth,cold-oceanic,,True,True,False,True,False,True,False,,,True,True,64d0ceeb5b4a5155aef8381b40d9da132746ef2cadda81c19a7f6eeca1c05434
P38-21,Super-Earth C — Cold Oceanic Super-Earth,Super- Earth C — Cold Oceanic Super- Earth 7.png,Super-Earth C — Cold Oceanic Super-Earth,accepted,super-earth,cold-oceanic,,True,True,False,True,False,True,False,,,True,True,08641b8ffa87d1ccd98d45cb0097835bb470883a412ef82f5a01a08d110fe982
P38-22,Super-Earth C — Cold Oceanic Super-Earth,Super- Earth C — Cold Oceanic Super- Earth 8.png,Super-Earth C — Cold Oceanic Super-Earth,rejected,super-earth,cold-oceanic,,True,True,False,varies,False,not prepared (source excluded),True,,Closer inspection confirms recognizable Earth-derived continents/coastlines; excluded from alien-world selection.,False,False,9a635fcc9b0d9003e9824f1d511e9991c14a0debb450434dfbb2e5bf389c187b
P38-23,Super-Earth C — Cold Oceanic Super-Earth,Super- Earth C — Cold Oceanic Super- Earth 9.png,Super-Earth C — Cold Oceanic Super-Earth,rejected,super-earth,cold-oceanic,,True,True,False,varies,False,False,False,,Strong localized baked specular glare cannot serve as neutral albedo.,False,False,b91d1371af3fda4ab324c4d68b1390a8946c6d8bd2e9a012fd87490d0f27be4c
P39-01,Toxic A — Green Poison Planet,Toxic A — Green Poison Planet 1.png,Toxic A — Green Poison Planet,rejected,greenhouse,green-chemical,,True,False,False,False,False,False,False,,Strong localized baked specular glare cannot serve as neutral albedo.,False,False,30498f228c5d7cec24dff34432a6f90174ec12068f65d21a77573616bb0c8002
P39-02,Toxic A — Green Poison Planet,Toxic A — Green Poison Planet 10.png,Toxic A — Green Poison Planet,accepted,greenhouse,green-chemical,,True,False,False,False,False,True,False,,,True,True,b4ce78373ed95e3c84a97c460026f43a0be1009d2b89a274f406b3b227bff24c
P39-03,Toxic A — Green Poison Planet,Toxic A — Green Poison Planet 11.png,Toxic A — Green Poison Planet,accepted,greenhouse,green-chemical,,True,False,False,False,False,True,False,,,True,True,712bfaffaaa38951eab5e58d0fb2c8f16d4f70dea25e0aa36a285778cfcacbcc
P39-04,Toxic A — Green Poison Planet,Toxic A — Green Poison Planet 12.png,Toxic A — Green Poison Planet,accepted,greenhouse,green-chemical,,True,False,False,False,False,True,False,,,True,True,62977cc04a87fcf07a79bf468e20f4e9a2916943ab3604df152b18b0ebe77c13
P39-05,Toxic A — Green Poison Planet,Toxic A — Green Poison Planet 13.png,Toxic A — Green Poison Planet,accepted,gas-giant,chemical-cloud,,True,False,False,False,False,True,False,Large atmospheric bands; no exposed terrestrial terrain.,,True,True,8f3391b520222ca5272411766d9346d181e2321e955b390d59ea7a177dad2814
P39-06,Toxic A — Green Poison Planet,Toxic A — Green Poison Planet 14.png,Toxic A — Green Poison Planet,accepted,greenhouse,green-chemical,,True,False,False,False,False,True,False,,,True,True,f279cdb4398273cd429e0b6cdc686d0e895de79f89473e0828a6474af9d47bd0
P39-07,Toxic A — Green Poison Planet,Toxic A — Green Poison Planet 15.png,Toxic A — Green Poison Planet,accepted,greenhouse,green-chemical,,True,False,False,False,False,True,False,,,True,True,86e849ecc64cfedbd29ec6dcc8876a544d5324e0284c6a40b65b3b35f743ed77
P39-08,Toxic A — Green Poison Planet,Toxic A — Green Poison Planet 16.png,Toxic A — Green Poison Planet,accepted,greenhouse,green-chemical,,True,False,False,False,False,True,False,,,True,True,183ae01aab179f45b3e554ae7e8bf2dec7c77cef53324f5024949b955da12db2
P39-09,Toxic A — Green Poison Planet,Toxic A — Green Poison Planet 17.png,Toxic A — Green Poison Planet,rejected,greenhouse,green-chemical,,True,False,False,False,False,False,False,,"Persistent colored limb glare, ocean hotspot, or baked shadow strip remains visible during rotation.",True,True,7053860e30520f6934f2e5d41684f2f4c5affe8ae6e145398a339d26d68014b7
P39-10,Toxic A — Green Poison Planet,Toxic A — Green Poison Planet 18.png,Toxic A — Green Poison Planet,rejected,greenhouse,green-chemical,,True,False,False,False,False,False,False,,"Persistent colored limb glare, ocean hotspot, or baked shadow strip remains visible during rotation.",True,True,366c9b080cd02c660f020578c61db216fca0af1cde1f801851c2a0896afea152
P39-11,Toxic A — Green Poison Planet,Toxic A — Green Poison Planet 19.png,Toxic A — Green Poison Planet,accepted,greenhouse,green-chemical,,True,False,False,False,False,True,False,,,True,True,2c1df20b7be9c45fbeeee405609a8c0930cb02ee0a18c33b830ba683a1b14391
P39-12,Toxic A — Green Poison Planet,Toxic A — Green Poison Planet 2.png,Toxic A — Green Poison Planet,accepted,greenhouse,green-chemical,,True,False,False,False,False,True,False,,,True,True,c624207e35bec78fa413d7f0ee68b1ffb9d41b839b2056665a0171fd3691febf
P39-13,Toxic A — Green Poison Planet,Toxic A — Green Poison Planet 20.png,Toxic A — Green Poison Planet,accepted,gas-giant,chemical-cloud,,True,False,False,False,False,True,False,Large atmospheric bands; no exposed terrestrial terrain.,,True,True,8256e982f8c90ff24c3d7881f6da15beac2d9a4565bc4867ca1a1f120ee597e0
P39-14,Toxic A — Green Poison Planet,Toxic A — Green Poison Planet 21.png,Toxic A — Green Poison Planet,rejected,greenhouse,green-chemical,,True,False,False,False,False,False,False,,Strong localized baked specular glare cannot serve as neutral albedo.,False,False,0132b5bf62820b7c099ae8cf44d4fa2fb61695262ddf679333739231fd5c2230
P39-15,Toxic A — Green Poison Planet,Toxic A — Green Poison Planet 22.png,Toxic A — Green Poison Planet,accepted,greenhouse,green-chemical,,True,False,False,False,False,True,False,,,True,True,f7bb438155fd087a93af96d0676f5fd302de7a06dcf18fadc598130a3d66572d
P39-16,Toxic A — Green Poison Planet,Toxic A — Green Poison Planet 23.png,Toxic A — Green Poison Planet,rejected,greenhouse,green-chemical,,True,False,False,False,False,False,False,,"Persistent colored limb glare, ocean hotspot, or baked shadow strip remains visible during rotation.",True,True,8fab1b48ad97aa372b1d0b4a0100d14ce3f2fa78dfbfe4826f10e0af6ae6dd37
P39-17,Toxic A — Green Poison Planet,Toxic A — Green Poison Planet 24.png,Toxic A — Green Poison Planet,rejected,greenhouse,green-chemical,,True,False,False,False,False,False,False,,Studio floor/contact shadow and directional lighting make the globe unsuitable as a surface source.,False,False,6cb84d3f49f1447856ffab2cc8b8397f82170d8aae70f8c9f5960a28f29a6fdf
P39-18,Toxic A — Green Poison Planet,Toxic A — Green Poison Planet 25.png,Toxic A — Green Poison Planet,accepted,greenhouse,green-chemical,,True,False,False,False,False,True,False,,,True,True,811e4e6fac1557c2bf1477007f2d98dfa61a58a0782de0c3f3cb8427513594f2
P39-19,Toxic A — Green Poison Planet,Toxic A — Green Poison Planet 26.png,Toxic A — Green Poison Planet,accepted,greenhouse,green-chemical,,True,False,False,False,False,True,False,,,True,True,33e06d35ab6b62ef0aebc737de6385afba19411edbc5288bbde4116f9a86c233
P39-20,Toxic A — Green Poison Planet,Toxic A — Green Poison Planet 27.png,Toxic A — Green Poison Planet,rejected,greenhouse,green-chemical,,True,False,False,False,False,False,False,,"Persistent colored limb glare, ocean hotspot, or baked shadow strip remains visible during rotation.",True,True,88ba7d975fd09b05244aec41be324a75489fe17c003faa815b67e528b51f9aa6
P39-21,Toxic A — Green Poison Planet,Toxic A — Green Poison Planet 28.png,Toxic A — Green Poison Planet,accepted,gas-giant,chemical-cloud,,True,False,False,False,False,True,False,Large atmospheric bands; no exposed terrestrial terrain.,,True,True,763913a135cedef5aab0c6314b94a0608dc857c433b9a0cb91c6c171ef8b6548
P39-22,Toxic A — Green Poison Planet,Toxic A — Green Poison Planet 3.png,Toxic A — Green Poison Planet,rejected,greenhouse,green-chemical,,True,False,False,False,False,False,False,,Strong localized baked specular glare cannot serve as neutral albedo.,False,False,535d32a54ef47ba4a01450b955ccde8ed13ea1242c7f86545ba071d5775cdd8f
P39-23,Toxic A — Green Poison Planet,Toxic A — Green Poison Planet 4.png,Toxic A — Green Poison Planet,accepted,gas-giant,chemical-cloud,,True,False,False,False,False,True,False,Large atmospheric bands; no exposed terrestrial terrain.,,True,True,c6409b3489993e3d46fd47c6dd9d009ac510d05d4332b3490efec0e101d94aa3
P39-24,Toxic A — Green Poison Planet,Toxic A — Green Poison Planet 5.png,Toxic A — Green Poison Planet,rejected,greenhouse,green-chemical,,True,False,False,False,False,False,False,,"Persistent colored limb glare, ocean hotspot, or baked shadow strip remains visible during rotation.",True,True,65d8f2cbbedc10f37572411b344c4f31effef7177bd516da911a3d6e528ade10
P39-25,Toxic A — Green Poison Planet,Toxic A — Green Poison Planet 6.png,Toxic A — Green Poison Planet,accepted,greenhouse,green-chemical,,True,False,False,False,False,True,False,,,True,True,418974f9ffd746678fb87b8165fb74af140a3d5fa0e3672fb84631738866fdf5
P39-26,Toxic A — Green Poison Planet,Toxic A — Green Poison Planet 7.png,Toxic A — Green Poison Planet,rejected,greenhouse,green-chemical,,True,False,False,False,False,False,False,,"Persistent colored limb glare, ocean hotspot, or baked shadow strip remains visible during rotation.",True,True,40f836e6358f1465853b085fb7665bb905e67f59b47a22797eabe4871071cd73
P39-27,Toxic A — Green Poison Planet,Toxic A — Green Poison Planet 8.png,Toxic A — Green Poison Planet,accepted,greenhouse,green-chemical,,True,False,False,False,False,True,False,,,True,True,101e7e7128fc46d0de4907123fb3ba40dfce62eeafae660b00ea0283e3c0ca4b
P39-28,Toxic A — Green Poison Planet,Toxic A — Green Poison Planet 9.png,Toxic A — Green Poison Planet,accepted,greenhouse,green-chemical,,True,False,False,False,False,True,False,,,True,True,f721b07480e2ff92bcb12b50f89d2110b9cc9a06f6fe25296da04f343aaf5117
P40-01,Toxic B — Amber Chemical Planet,Toxic B — Amber Chemical Planet 1.png,Toxic B — Amber Chemical Planet,accepted,greenhouse,amber-chemical,,True,False,False,False,False,True,False,,,True,True,09869522c947de282dc1e1abaf940c87a7fe01fb1a0e37ff3479558dcb174660
P40-02,Toxic B — Amber Chemical Planet,Toxic B — Amber Chemical Planet 10.png,Toxic B — Amber Chemical Planet,accepted,volcanic,magma-ocean,,True,False,False,False,False,True,False,"Incandescent orange material surrounding dark crust; treat as emissive molten terrain, not a cool chemical cloud.",,True,True,40bac5e3ca54fcd6d1ca448955032ae02d4d5143eaa9d2288776f7be22adeb62
P40-03,Toxic B — Amber Chemical Planet,Toxic B — Amber Chemical Planet 11.png,Toxic B — Amber Chemical Planet,rejected,greenhouse,amber-chemical,,True,False,False,False,False,False,False,,Strong localized baked specular glare cannot serve as neutral albedo.,False,False,2b25e85b3afce6a4df145817f1b6f7e5790c13ea6397506a05ae69de875b1b0e
P40-04,Toxic B — Amber Chemical Planet,Toxic B — Amber Chemical Planet 12.png,Toxic B — Amber Chemical Planet,accepted,greenhouse,amber-chemical,,True,False,False,False,False,True,False,,,True,True,4381c362678f53540c45f9dc975e30cc9764acf20c39191bf50c8b5b00925d48
P40-05,Toxic B — Amber Chemical Planet,Toxic B — Amber Chemical Planet 13.png,Toxic B — Amber Chemical Planet,rejected,greenhouse,amber-chemical,,True,False,False,False,False,False,False,,"Persistent colored limb glare, ocean hotspot, or baked shadow strip remains visible during rotation.",True,True,73a17c55cfd745d7f5cd31f802817d6a37412f86243643f13829639426bcf82b
P40-06,Toxic B — Amber Chemical Planet,Toxic B — Amber Chemical Planet 14.png,Toxic B — Amber Chemical Planet,accepted,greenhouse,amber-chemical,,True,False,False,False,False,True,False,,,True,True,679035573d5c7510ca89bc55f16b7c8a9014a8a55f283f6aaca786ac3b7db7ac
P40-07,Toxic B — Amber Chemical Planet,Toxic B — Amber Chemical Planet 15.png,Toxic B — Amber Chemical Planet,rejected,greenhouse,amber-chemical,,True,False,False,False,False,False,False,,"Surface is too dark, blurred, or unnaturally clipped/saturated after conversion.",True,True,6f7d60df22f1e92e985ad4d64770c023084272c3cc0f135587400271c71a62da
P40-08,Toxic B — Amber Chemical Planet,Toxic B — Amber Chemical Planet 16.png,Toxic B — Amber Chemical Planet,rejected,greenhouse,amber-chemical,,True,False,False,False,False,False,False,,"Polished mineral-ball appearance with artificial relief/glare, rather than convincing planetary terrain.",False,False,27d071d3b6e4eced1d63adb6605b71e3e92bd978be875eae1cdf722391714e6a
P40-09,Toxic B — Amber Chemical Planet,Toxic B — Amber Chemical Planet 17.png,Toxic B — Amber Chemical Planet,rejected,greenhouse,amber-chemical,,True,False,False,False,False,False,False,,Severe baked hemisphere/terminator or rim lighting conceals usable surface color.,False,False,c0e4df856c87b15c4a19f1b6ba95aee8949a1ea6b1676072441b71245b1ae43d
P40-10,Toxic B — Amber Chemical Planet,Toxic B — Amber Chemical Planet 18.png,Toxic B — Amber Chemical Planet,accepted,greenhouse,amber-chemical,,True,False,False,False,False,True,False,,,True,True,e7c484584b43e5c0b167de4cd338d5ab1c89bd3e4d7ffc2b476384f975ff29d6
P40-11,Toxic B — Amber Chemical Planet,Toxic B — Amber Chemical Planet 19.png,Toxic B — Amber Chemical Planet,accepted,gas-giant,amber-cloud,,True,False,False,False,False,True,False,"Broad bands and flowing atmospheric structures, rather than exposed rocky surface.",,True,True,5983485db5af1deecc43304b623f0a20de2028f70b97c1b5dea10fed3a6f3139
P40-12,Toxic B — Amber Chemical Planet,Toxic B — Amber Chemical Planet 2.png,Toxic B — Amber Chemical Planet,accepted,gas-giant,amber-cloud,,True,False,False,False,False,True,False,"Broad bands and flowing atmospheric structures, rather than exposed rocky surface.",,True,True,ec74f4a6bff7d94a4b17b2e43713d29c15796291b0f735eeca1ebcb4da3e320c
P40-13,Toxic B — Amber Chemical Planet,Toxic B — Amber Chemical Planet 20.png,Toxic B — Amber Chemical Planet,accepted,greenhouse,amber-chemical,,True,False,False,False,False,True,False,,,True,True,4fd9ec198aea3153ab4f64a9e5120b9e56c636222cab7bb300477a1d643d4209
P40-14,Toxic B — Amber Chemical Planet,Toxic B — Amber Chemical Planet 21.png,Toxic B — Amber Chemical Planet,rejected,greenhouse,amber-chemical,,True,False,False,False,False,False,False,,Strong localized baked specular glare cannot serve as neutral albedo.,False,False,41128cd4f7aba9e0f6cb1adcabdc2b7fc7c3c7577fb0450802cc60f82aabe6cd
P40-15,Toxic B — Amber Chemical Planet,Toxic B — Amber Chemical Planet 22.png,Toxic B — Amber Chemical Planet,rejected,volcanic,magma-ocean,,True,False,False,False,False,False,False,"Incandescent orange material surrounding dark crust; treat as emissive molten terrain, not a cool chemical cloud.",Material preparation retained excessive unrecoverable darkness or clipped highlights.,False,False,e140b1d65a2e3a97895e6264b7830385f6f98fc9eb286104791f8a2134dc0298
P40-16,Toxic B — Amber Chemical Planet,Toxic B — Amber Chemical Planet 23.png,Toxic B — Amber Chemical Planet,accepted,gas-giant,amber-cloud,,True,False,False,False,False,True,False,"Broad bands and flowing atmospheric structures, rather than exposed rocky surface.",,True,True,e477136eb7f3ec444e493fcf3f438d56384d26a3872c5e7b54c3b82fba5dbbca
P40-17,Toxic B — Amber Chemical Planet,Toxic B — Amber Chemical Planet 24.png,Toxic B — Amber Chemical Planet,accepted,greenhouse,amber-chemical,,True,False,False,False,False,True,False,,,True,True,c910e63d50f45d948d9bed7661dd04e869065e19b4e7a8cb041c760b333b4baf
P40-18,Toxic B — Amber Chemical Planet,Toxic B — Amber Chemical Planet 25.png,Toxic B — Amber Chemical Planet,accepted,greenhouse,amber-chemical,,True,False,False,False,False,True,False,,,True,True,010c14f0adfb7c6bd8a930bb47b78189151bea0f4cba64259932bd72ebc11eb3
P40-19,Toxic B — Amber Chemical Planet,Toxic B — Amber Chemical Planet 3.png,Toxic B — Amber Chemical Planet,rejected,greenhouse,amber-chemical,,True,False,False,False,False,False,False,,"Surface is too dark, blurred, or unnaturally clipped/saturated after conversion.",True,True,bafdd70680dde4e0f7677f10c9b864ccf6ac0935bacb4714c0b529525ca97767
P40-20,Toxic B — Amber Chemical Planet,Toxic B — Amber Chemical Planet 4.png,Toxic B — Amber Chemical Planet,accepted,greenhouse,amber-chemical,,True,False,False,False,False,True,False,,,True,True,4f4db238c3019a0fe49bd3379739fce75bf46bd101dc420e1cf415ea6ad9ba91
P40-21,Toxic B — Amber Chemical Planet,Toxic B — Amber Chemical Planet 5.png,Toxic B — Amber Chemical Planet,accepted,gas-giant,amber-cloud,,True,False,False,False,False,True,False,"Broad bands and flowing atmospheric structures, rather than exposed rocky surface.",,True,True,741f829db83acb4a8df5c7fa4f50b79800f25d279b9433099e33e21c30ba5459
P40-22,Toxic B — Amber Chemical Planet,Toxic B — Amber Chemical Planet 6.png,Toxic B — Amber Chemical Planet,rejected,greenhouse,amber-chemical,,True,False,False,False,False,False,False,,"Surface is too dark, blurred, or unnaturally clipped/saturated after conversion.",True,True,c7fe15b0e639cb1ffa77a498a45e175b184a83bbaae99c4935d5290a5e7883d0
P40-23,Toxic B — Amber Chemical Planet,Toxic B — Amber Chemical Planet 7.png,Toxic B — Amber Chemical Planet,rejected,greenhouse,amber-chemical,,True,False,False,False,False,False,False,,Strong localized baked specular glare cannot serve as neutral albedo.,False,False,2fa3567050212fffe66562e3debc5dd0e1a4a3b93aae91ecf57036287f94d0e0
P40-24,Toxic B — Amber Chemical Planet,Toxic B — Amber Chemical Planet 8.png,Toxic B — Amber Chemical Planet,accepted,greenhouse,amber-chemical,,True,False,False,False,False,True,False,,,True,True,1e624eb6c1e045f48f49f7e8acac580801d9dda0df90e7c752918746aa35fc83
P40-25,Toxic B — Amber Chemical Planet,Toxic B — Amber Chemical Planet 9.png,Toxic B — Amber Chemical Planet,rejected,greenhouse,amber-chemical,,True,False,False,False,False,False,False,,Strong localized baked specular glare cannot serve as neutral albedo.,False,False,f543e53d2228b2c75815cb8687d972f26d704b90d9c2ac84f82ae675114f10f1
P41-01,Toxic C — Blue-Green Chemical World,Toxic C — Blue- Green Chemical World 1.png,Toxic C — Blue-Green Chemical World,accepted,greenhouse,blue-green-chemical,,True,False,False,False,False,True,False,,,True,True,96fbbd18d44091d77e82c0a28cb79e622459d341b6af583c7911d56538da9399
P41-02,Toxic C — Blue-Green Chemical World,Toxic C — Blue- Green Chemical World 10.png,Toxic C — Blue-Green Chemical World,accepted,greenhouse,blue-green-chemical,,True,False,False,False,False,True,False,,,True,True,992fe48941ef66359e3932916bb7d8c4aafea0175538c2bbb92eab22e02ea471
P41-03,Toxic C — Blue-Green Chemical World,Toxic C — Blue- Green Chemical World 11.png,Toxic C — Blue-Green Chemical World,rejected,greenhouse,blue-green-chemical,,True,False,False,False,False,False,False,,"Persistent colored limb glare, ocean hotspot, or baked shadow strip remains visible during rotation.",True,True,5af50762d49b183849e8970e11b854738c8164c3b5f6c075911f68b771f513dd
P41-04,Toxic C — Blue-Green Chemical World,Toxic C — Blue- Green Chemical World 12.png,Toxic C — Blue-Green Chemical World,rejected,greenhouse,blue-green-chemical,,True,False,False,False,False,False,False,,"Polished mineral-ball appearance with artificial relief/glare, rather than convincing planetary terrain.",False,False,69305072472ad76c60a989dab1f0167d737a29adb791a622999a20ac00467500
P41-05,Toxic C — Blue-Green Chemical World,Toxic C — Blue- Green Chemical World 13.png,Toxic C — Blue-Green Chemical World,accepted,greenhouse,blue-green-chemical,,True,False,False,False,False,True,False,,,True,True,eb7aa47f5a72acd7b6c6e005b84664c77802fe60a260bbf1543cb47a0e1ac13f
P41-06,Toxic C — Blue-Green Chemical World,Toxic C — Blue- Green Chemical World 14.png,Toxic C — Blue-Green Chemical World,rejected,greenhouse,blue-green-chemical,,True,False,False,False,False,False,False,,"Persistent colored limb glare, ocean hotspot, or baked shadow strip remains visible during rotation.",True,True,68f60e816255c7c3354fa9092bc7bd9a8a71f50b46ecf3a162a175c82c4f327e
P41-07,Toxic C — Blue-Green Chemical World,Toxic C — Blue- Green Chemical World 15.png,Toxic C — Blue-Green Chemical World,rejected,greenhouse,blue-green-chemical,,True,False,False,False,False,False,False,,"Persistent colored limb glare, ocean hotspot, or baked shadow strip remains visible during rotation.",True,True,7be8d325723d0ed41f411acbfddf88e271d0066ed47f3d2e0dea7b6a65a5ead6
P41-08,Toxic C — Blue-Green Chemical World,Toxic C — Blue- Green Chemical World 16.png,Toxic C — Blue-Green Chemical World,accepted,mini-neptune,blue-cloud,,True,False,False,False,False,True,False,"Smooth opaque cloud envelope with atmospheric bands, rather than established exposed surface.",,True,True,567ed24d34650a23bd0fd822d2284f5faf0dc6a66986ff8f0b3b676a3e099bb2
P41-09,Toxic C — Blue-Green Chemical World,Toxic C — Blue- Green Chemical World 17.png,Toxic C — Blue-Green Chemical World,accepted,greenhouse,blue-green-chemical,,True,False,False,False,False,True,False,,,True,True,8522ac2e0f9cb7d1c578f88824afd88f7e920fb4a266fd4c6da79a215a2f664a
P41-10,Toxic C — Blue-Green Chemical World,Toxic C — Blue- Green Chemical World 18.png,Toxic C — Blue-Green Chemical World,accepted,greenhouse,blue-green-chemical,,True,False,False,False,False,True,False,,,True,True,0602581d70d20312eef592ef208980eb1643e22c97bd2629f0c5b9f39c7647a0
P41-11,Toxic C — Blue-Green Chemical World,Toxic C — Blue- Green Chemical World 19.png,Toxic C — Blue-Green Chemical World,rejected,greenhouse,blue-green-chemical,,True,False,False,False,False,not prepared (source excluded),True,,Recognizable Earth continental geography is unsuitable for fictional alien worlds.,False,False,b6c1240c3048f4f5619aa8c315c9040b11bd6035ad3f284fc3e8cef4242a3b75
P41-12,Toxic C — Blue-Green Chemical World,Toxic C — Blue- Green Chemical World 2.png,Toxic C — Blue-Green Chemical World,accepted,greenhouse,blue-green-chemical,,True,False,False,False,False,True,False,,,True,True,b2fb89c0d79703bc4f72812144da94fa082b8153c644a7b1b2b5123de8cd83cd
P41-13,Toxic C — Blue-Green Chemical World,Toxic C — Blue- Green Chemical World 20.png,Toxic C — Blue-Green Chemical World,accepted,mini-neptune,blue-cloud,,True,False,False,False,False,True,False,"Smooth opaque cloud envelope with atmospheric bands, rather than established exposed surface.",,True,True,60b42385f9d1214b212ef313280f5d6e6ce4bb217d1925e699bed903488e4a7b
P41-14,Toxic C — Blue-Green Chemical World,Toxic C — Blue- Green Chemical World 21.png,Toxic C — Blue-Green Chemical World,accepted,greenhouse,blue-green-chemical,,True,False,False,False,False,True,False,,,True,True,f68a8bf7750bf7262ed219aeb361a3eee663814ffb1851ce714fe54e46c41238
P41-15,Toxic C — Blue-Green Chemical World,Toxic C — Blue- Green Chemical World 22.png,Toxic C — Blue-Green Chemical World,accepted,greenhouse,blue-green-chemical,,True,False,False,False,False,True,False,,,True,True,1013811b121762f7b21c1ec9399585453ab4a82b7d96584a31662a90ac39d9a7
P41-16,Toxic C — Blue-Green Chemical World,Toxic C — Blue- Green Chemical World 23.png,Toxic C — Blue-Green Chemical World,rejected,greenhouse,blue-green-chemical,,True,False,False,False,False,False,False,,"Persistent colored limb glare, ocean hotspot, or baked shadow strip remains visible during rotation.",True,True,0aecf6f6fa8c6a2de1a1a4958109f1a3d89a95b6ad496a6e1644d0cbdc40d6c8
P41-17,Toxic C — Blue-Green Chemical World,Toxic C — Blue- Green Chemical World 3.png,Toxic C — Blue-Green Chemical World,accepted,greenhouse,blue-green-chemical,,True,False,False,False,False,True,False,,,True,True,165b4b7f9c85f13fb41436e1465ae912d5ef6e1a375c031beb4fab9484d92832
P41-18,Toxic C — Blue-Green Chemical World,Toxic C — Blue- Green Chemical World 4.png,Toxic C — Blue-Green Chemical World,accepted,greenhouse,blue-green-chemical,,True,False,False,False,False,True,False,,,True,True,c63a4f4d0cb6c6dde36a65ef457b6f4685b6e72ed62660821746925e64a7cfd1
P41-19,Toxic C — Blue-Green Chemical World,Toxic C — Blue- Green Chemical World 5.png,Toxic C — Blue-Green Chemical World,rejected,greenhouse,blue-green-chemical,,True,False,False,False,False,False,False,,"Polished mineral-ball appearance with artificial relief/glare, rather than convincing planetary terrain.",False,False,9a0ec598d385fac46e3c210151b53376b73b337f5664369e6c31a486d1441a09
P41-20,Toxic C — Blue-Green Chemical World,Toxic C — Blue- Green Chemical World 6.png,Toxic C — Blue-Green Chemical World,accepted,mini-neptune,blue-cloud,,True,False,False,False,False,True,False,"Smooth opaque cloud envelope with atmospheric bands, rather than established exposed surface.",,True,True,8db800e2c68788af8de2a961a5d78a3b3a5988f6245632f2f24a959197871c7f
P41-21,Toxic C — Blue-Green Chemical World,Toxic C — Blue- Green Chemical World 7.png,Toxic C — Blue-Green Chemical World,accepted,greenhouse,blue-green-chemical,,True,False,False,False,False,True,False,,,True,True,18d9af821a3709bf649b338c4e62cc479d0c7d732bfeea431ed43dc4a09fda26
P41-22,Toxic C — Blue-Green Chemical World,Toxic C — Blue- Green Chemical World 8.png,Toxic C — Blue-Green Chemical World,rejected,greenhouse,blue-green-chemical,,True,False,False,False,False,False,False,,Persistent colored limb glare or baked shadow strip remains visible during rotation.,True,True,07262c29658d7f230e87e187f7128b167b1306ffec6579c2a1f6c70723f660e5
P41-23,Toxic C — Blue-Green Chemical World,Toxic C — Blue- Green Chemical World 9.png,Toxic C — Blue-Green Chemical World,accepted,greenhouse,blue-green-chemical,,True,False,False,False,False,True,False,,,True,True,6205a3c5ec7a2c7dd2b2daa9c55903fd1a78af0080b25b4e3b0cee7b194c8cbe
P42-01,Tundra A — Cold Steppe,Tundra A — Cold Steppe 1.png,Tundra A — Cold Steppe,accepted,tundra,cold-steppe,,True,True,True,True,False,True,False,,,True,True,0de19c5b8d1aaf82361258e0b61e1073be14b2b8ca58862a369536120fa66a1c
P42-02,Tundra A — Cold Steppe,Tundra A — Cold Steppe 10.png,Tundra A — Cold Steppe,rejected,tundra,cold-steppe,,True,varies,varies,varies,False,not prepared (source excluded),True,,Recognizable Earth continental geography is unsuitable for fictional alien worlds.,False,False,1f36c6bde898227d5d9cff5015ebe08d35bb324c2097e760a70b8b6ec69c161e
P42-03,Tundra A — Cold Steppe,Tundra A — Cold Steppe 11.png,Tundra A — Cold Steppe,accepted,tundra,cold-steppe,,True,True,True,True,False,True,False,,,True,True,f6b5bf6c63b1ca5b274a67cc45f01db9159a312643bd5de27924379920b1619b
P42-04,Tundra A — Cold Steppe,Tundra A — Cold Steppe 12.png,Tundra A — Cold Steppe,accepted,tundra,cold-steppe,,True,True,True,True,False,True,False,,,True,True,849a3205608bc38c85f0d047adee8d6f2b4dad7052dd537f3a3018a3bc080253
P42-05,Tundra A — Cold Steppe,Tundra A — Cold Steppe 13.png,Tundra A — Cold Steppe,accepted,tundra,cold-steppe,,True,True,True,True,False,True,False,,,True,True,a21aa6e7a9f4393edec6d052f439e1a3eb90d0c1bb165b22e2f95de6728cbbba
P42-06,Tundra A — Cold Steppe,Tundra A — Cold Steppe 14.png,Tundra A — Cold Steppe,rejected,tundra,cold-steppe,,True,varies,varies,varies,False,False,False,,Persistent colored limb glare or baked shadow strip remains visible during rotation.,True,True,09347972757721cd553bea270948d3323519f1f74fe79da77db34d1bf9f3e456
P42-07,Tundra A — Cold Steppe,Tundra A — Cold Steppe 15.png,Tundra A — Cold Steppe,accepted,tundra,cold-steppe,,True,True,True,True,False,True,False,,,True,True,108b4a3b5b73bafc53a2193d3c491b2c500c2275e24abbd7a4f523be0ab4487b
P42-08,Tundra A — Cold Steppe,Tundra A — Cold Steppe 16.png,Tundra A — Cold Steppe,rejected,tundra,cold-steppe,,True,varies,varies,varies,False,not prepared (source excluded),True,,Recognizable Earth continental geography is unsuitable for fictional alien worlds.,False,False,6cab39e62fae458619b2d3e98c5783dffe44b4e20ab3ec8b470dba3c84831854
P42-09,Tundra A — Cold Steppe,Tundra A — Cold Steppe 17.png,Tundra A — Cold Steppe,accepted,tundra,cold-steppe,,True,True,True,True,False,True,False,,,True,True,6a01dc380b59490346662a98a216abe0e4ce6bfa7be050f83e42dcce90549d54
P42-10,Tundra A — Cold Steppe,Tundra A — Cold Steppe 18.png,Tundra A — Cold Steppe,accepted,tundra,cold-steppe,,True,True,True,True,False,True,False,,,True,True,b70935202e08f9207f9aa64d7c9e6400a14bf2c1131727e15b84f4c2ec4b93bb
P42-11,Tundra A — Cold Steppe,Tundra A — Cold Steppe 19.png,Tundra A — Cold Steppe,accepted,tundra,cold-steppe,,True,True,True,True,False,True,False,,,True,True,f87296d22d5264509e26eb5e247732db4089f968333e420519b45ce42ab7a46c
P42-12,Tundra A — Cold Steppe,Tundra A — Cold Steppe 2.png,Tundra A — Cold Steppe,accepted,tundra,cold-steppe,,True,True,True,True,False,True,False,,,True,True,0be1b0a37714ef432091b93913c834cc166220b066b99714f5c085b8e8ef6e82
P42-13,Tundra A — Cold Steppe,Tundra A — Cold Steppe 20.png,Tundra A — Cold Steppe,accepted,tundra,cold-steppe,,True,True,True,True,False,True,False,,,True,True,f2fb9f7c244496c4defdbfa9461992c130b5a032f982e7a646c312b9df621add
P42-14,Tundra A — Cold Steppe,Tundra A — Cold Steppe 21.png,Tundra A — Cold Steppe,rejected,tundra,cold-steppe,,True,varies,varies,varies,False,False,False,,Persistent colored limb glare or baked shadow strip remains visible during rotation.,True,True,cae19a568303d5f034d6b93394ad805a081de0de4e2304a7e57fd9d7dc879b7c
P42-15,Tundra A — Cold Steppe,Tundra A — Cold Steppe 22.png,Tundra A — Cold Steppe,accepted,tundra,cold-steppe,,True,True,True,True,False,True,False,,,True,True,af3225d9877d95c5ed1b4651e3e0075b4231a383893d203f36b9389ac4d66b64
P42-16,Tundra A — Cold Steppe,Tundra A — Cold Steppe 3.png,Tundra A — Cold Steppe,accepted,tundra,cold-steppe,,True,True,True,True,False,True,False,,,True,True,054a44f084d9ccf2964ab7f222dde30a90f51331db33108cc0149d5ee7678083
P42-17,Tundra A — Cold Steppe,Tundra A — Cold Steppe 4.png,Tundra A — Cold Steppe,rejected,tundra,cold-steppe,,True,varies,varies,varies,False,False,False,,Persistent colored limb glare or baked shadow strip remains visible during rotation.,True,True,28b15fed90fe99cfa99ce9bcbe92c3a9070d86f758d9d5969aee4caa4c1cca95
P42-18,Tundra A — Cold Steppe,Tundra A — Cold Steppe 5.png,Tundra A — Cold Steppe,rejected,tundra,cold-steppe,,True,varies,varies,varies,False,not prepared (source excluded),True,,Closer inspection confirms recognizable Earth-derived continents/coastlines; excluded from alien-world selection.,False,False,b05abc8fb8f864372e2357446709bf5faed6a98ff39ce422396619fe1fbc672e
P42-19,Tundra A — Cold Steppe,Tundra A — Cold Steppe 6.png,Tundra A — Cold Steppe,rejected,tundra,cold-steppe,,True,varies,varies,varies,False,not prepared (source excluded),False,,"Exaggerated miniature-model relief, clumped geometry or graphic plate boundaries are implausible at planetary scale.",False,False,fa712eceb472662ae43ffe4e188cc7eef19bc56fbf65997ab4acbff1049e63c3
P42-20,Tundra A — Cold Steppe,Tundra A — Cold Steppe 7.png,Tundra A — Cold Steppe,accepted,tundra,cold-steppe,,True,True,True,True,False,True,False,,,True,True,085d125cdd78cd91eecebc4c957d5625dfecd385a762a5400b95e2f5fa6ce1c8
P42-21,Tundra A — Cold Steppe,Tundra A — Cold Steppe 8.png,Tundra A — Cold Steppe,accepted,tundra,cold-steppe,,True,True,True,True,False,True,False,,,True,True,2c41339df234e0d71035f1f62699e9aa14c3a06b0a7f66f83c8cec81cddf7980
P42-22,Tundra A — Cold Steppe,Tundra A — Cold Steppe 9.png,Tundra A — Cold Steppe,rejected,tundra,cold-steppe,,True,varies,varies,varies,False,False,False,,Persistent colored limb glare or baked shadow strip remains visible during rotation.,True,True,ba96d598d44332a33219bcfb1bd12bbf8f1b7a811bbbb001ea5c82f4996e81fb
P43-01,Tundra B — Semi-Frozen World,Tundra B — Semi- Frozen World 1.png,Tundra B — Semi-Frozen World,rejected,tundra,semi-frozen,,True,varies,False,True,False,False,False,,Persistent colored limb glare or baked shadow strip remains visible during rotation.,True,True,fa8f37274f500d70da6408e280384f9f42f27675b76549918c961f8d08b0e6b1
P43-02,Tundra B — Semi-Frozen World,Tundra B — Semi- Frozen World 10.png,Tundra B — Semi-Frozen World,accepted,tundra,semi-frozen,,True,True,False,True,False,True,False,,,True,True,0b6f46953ebcd165be1e13ace9ddcc47e70b45240ba7472e1e88c1398a48e81f
P43-03,Tundra B — Semi-Frozen World,Tundra B — Semi- Frozen World 11.png,Tundra B — Semi-Frozen World,accepted,tundra,semi-frozen,,True,True,False,True,False,True,False,,,True,True,a6b5076fe0a0aca40389788c45464473f1a525c4b25c27f011851c0de1db8786
P43-04,Tundra B — Semi-Frozen World,Tundra B — Semi- Frozen World 12.png,Tundra B — Semi-Frozen World,accepted,tundra,semi-frozen,,True,True,False,True,False,True,False,,,True,True,4079238e34862b44f776e3b931a514cfa4a3f0887ec88b0eba399096a343643d
P43-05,Tundra B — Semi-Frozen World,Tundra B — Semi- Frozen World 13.png,Tundra B — Semi-Frozen World,accepted,tundra,semi-frozen,,True,True,False,True,False,True,False,,,True,True,f43571c87ea17e05806d2a67ca975d70e58da27e43c3236aadc737660aadc27c
P43-06,Tundra B — Semi-Frozen World,Tundra B — Semi- Frozen World 14.png,Tundra B — Semi-Frozen World,rejected,tundra,semi-frozen,,True,varies,False,True,False,not prepared (source excluded),True,,Recognizable Earth continental geography is unsuitable for fictional alien worlds.,False,False,6fccf7d6f979bc0bb819883a4c8caf11357696730311305aba5609e9ff2d65c1
P43-07,Tundra B — Semi-Frozen World,Tundra B — Semi- Frozen World 15.png,Tundra B — Semi-Frozen World,rejected,tundra,semi-frozen,,True,varies,False,True,False,not prepared (source excluded),True,,Recognizable Earth continental geography is unsuitable for fictional alien worlds.,False,False,c62a5fd8164b0caad1ae8707876ff2386da5d18ccd44a425139ba3f4dc5fd998
P43-08,Tundra B — Semi-Frozen World,Tundra B — Semi- Frozen World 16.png,Tundra B — Semi-Frozen World,accepted,tundra,semi-frozen,,True,True,False,True,False,True,False,,,True,True,7523ee45c7ac02aa20f36da69344d552e05587271d9f819ac4b5e3d29c132867
P43-09,Tundra B — Semi-Frozen World,Tundra B — Semi- Frozen World 17.png,Tundra B — Semi-Frozen World,accepted,tundra,semi-frozen,,True,True,False,True,False,True,False,,,True,True,d35a3a0447ca80a82e045e5403d5224a26a86de25b6fdbbc8c09bffd053d672e
P43-10,Tundra B — Semi-Frozen World,Tundra B — Semi- Frozen World 18.png,Tundra B — Semi-Frozen World,rejected,tundra,semi-frozen,,True,varies,False,True,False,not prepared (source excluded),False,,"Exaggerated miniature-model relief, clumped geometry or graphic plate boundaries are implausible at planetary scale.",False,False,c13b01c674cdeabb0e03c08ba7661882dbd313a2b85fd45fc52988d42e43b150
P43-11,Tundra B — Semi-Frozen World,Tundra B — Semi- Frozen World 19.png,Tundra B — Semi-Frozen World,accepted,tundra,semi-frozen,,True,True,False,True,False,True,False,,,True,True,53852f65457c4ff0c0ebadf22ca28a7d4edeeb8247fabbb373d274121fcb8c81
P43-12,Tundra B — Semi-Frozen World,Tundra B — Semi- Frozen World 2.png,Tundra B — Semi-Frozen World,accepted,tundra,semi-frozen,,True,True,False,True,False,True,False,,,True,True,ab5e0984bb6a9e9f900af002ea50c559479615b020723cef9f6a9eb6e58ab15b
P43-13,Tundra B — Semi-Frozen World,Tundra B — Semi- Frozen World 20.png,Tundra B — Semi-Frozen World,accepted,tundra,semi-frozen,,True,True,False,True,False,True,False,,,True,True,255b138247fddb37a01f5eb08ea749bd260409bfe32c40ae55b946a370c3d89d
P43-14,Tundra B — Semi-Frozen World,Tundra B — Semi- Frozen World 21.png,Tundra B — Semi-Frozen World,rejected,tundra,semi-frozen,,True,varies,False,True,False,False,False,,Severe baked hemisphere/terminator or rim lighting conceals usable surface color.,False,False,1f140d4236a02ce38cef07b8945130c20062c31e1db08e347b01018fe2edd028
P43-15,Tundra B — Semi-Frozen World,Tundra B — Semi- Frozen World 22.png,Tundra B — Semi-Frozen World,accepted,tundra,semi-frozen,,True,True,False,True,False,True,False,,,True,True,ee27d62ab48a9eb439abc4a9f5dc984c4e9638b79bbcfc0dec51c5679d9aebeb
P43-16,Tundra B — Semi-Frozen World,Tundra B — Semi- Frozen World 23.png,Tundra B — Semi-Frozen World,rejected,tundra,semi-frozen,,True,varies,False,True,False,False,False,,Strong localized baked specular glare cannot serve as neutral albedo.,False,False,6dde720acd051eed103d48bffbe66431aca0d689ffca16c5cf02b9c22ae49f05
P43-17,Tundra B — Semi-Frozen World,Tundra B — Semi- Frozen World 3.png,Tundra B — Semi-Frozen World,accepted,tundra,semi-frozen,,True,True,False,True,False,True,False,,,True,True,155d1782d563483c7a2af1f7d0e96a1fb627000133a631f8dc4c39e3faef3aa1
P43-18,Tundra B — Semi-Frozen World,Tundra B — Semi- Frozen World 4.png,Tundra B — Semi-Frozen World,accepted,tundra,semi-frozen,,True,True,False,True,False,True,False,,,True,True,6bd59b7ea3e5935f43c18b55ddc30f96e5ae0eca51888cc14e9050cd72797322
P43-19,Tundra B — Semi-Frozen World,Tundra B — Semi- Frozen World 5.png,Tundra B — Semi-Frozen World,rejected,tundra,semi-frozen,,True,varies,False,True,False,False,False,,Persistent colored limb glare or baked shadow strip remains visible during rotation.,True,True,26fadb404a5918890ccb81a4d73a6bdefc4d66d1f26f56d3bfa4551625f494e2
P43-20,Tundra B — Semi-Frozen World,Tundra B — Semi- Frozen World 6.png,Tundra B — Semi-Frozen World,accepted,tundra,semi-frozen,,True,True,False,True,False,True,False,,,True,True,83d96623b186fdfc701173115741a2ea8da2d52abf24efd8e3b3869753c7972b
P43-21,Tundra B — Semi-Frozen World,Tundra B — Semi- Frozen World 7.png,Tundra B — Semi-Frozen World,accepted,tundra,semi-frozen,,True,True,False,True,False,True,False,,,True,True,ebec94fef02cbae0a98d955c6728bc7d37bb01029f4b44247c2878dcc8ddb474
P43-22,Tundra B — Semi-Frozen World,Tundra B — Semi- Frozen World 8.png,Tundra B — Semi-Frozen World,rejected,tundra,semi-frozen,,True,varies,False,True,False,False,False,,Persistent colored limb glare or baked shadow strip remains visible during rotation.,True,True,3a897bc9dc8c55a505d8f5d58821fdcfabc42b66909941b683737edecfaf6576
P43-23,Tundra B — Semi-Frozen World,Tundra B — Semi- Frozen World 9.png,Tundra B — Semi-Frozen World,accepted,tundra,semi-frozen,,True,True,False,True,False,True,False,,,True,True,24c1e00cd102c21c5da521017a758bc2927f426a4ab289df68eaa5b8d9581561
P44-01,Tundra C — Boreal World,Tundra C — Boreal World 1.png,Tundra C — Boreal World,accepted,tundra,cold-oceanic,,True,True,False,True,False,True,False,Clouded blue cold world with little or no visible boreal land coverage.,,True,True,e35748021b5e376d09b2cb3dd2e5607b1d522f03a381adde73ae752209921d42
P44-02,Tundra C — Boreal World,Tundra C — Boreal World 10.png,Tundra C — Boreal World,rejected,tundra,boreal,,True,varies,varies,varies,False,False,False,,Canopy flattening leaves the surface excessively soft and graphic-looking.,True,True,d5ead48fb96d4bbd56168398b34d8b44753dc5b938a8c41778ec6ead30bc7ce1
P44-03,Tundra C — Boreal World,Tundra C — Boreal World 11.png,Tundra C — Boreal World,accepted,tundra,boreal,,True,True,True,True,False,True,False,,,True,True,75c8127702d4cb0a6400895031c23b8e2ea87e7f7537127a8fe458114725390f
P44-04,Tundra C — Boreal World,Tundra C — Boreal World 12.png,Tundra C — Boreal World,rejected,tundra,boreal,,True,varies,varies,varies,False,not prepared (source excluded),True,,Recognizable Earth continental geography is unsuitable for fictional alien worlds.,False,False,2a54c9149f810dfa883a8ba4e19b4e2ef98e74aa2cb89b2526398d24ffdd2fbd
P44-05,Tundra C — Boreal World,Tundra C — Boreal World 13.png,Tundra C — Boreal World,accepted,tundra,boreal,,True,True,True,True,False,True,False,,,True,True,e69db9fbb002892f921724bb453b51baf111db6b6f39ca5eb1bca5c958c7ce68
P44-06,Tundra C — Boreal World,Tundra C — Boreal World 14.png,Tundra C — Boreal World,rejected,tundra,boreal,,True,varies,varies,varies,False,not prepared (source excluded),True,,Recognizable Earth continental geography is unsuitable for fictional alien worlds.,False,False,852efcc3238254c7f6cc8cbaf43617e8cf4ad6401d0159cc08262710a2279c41
P44-07,Tundra C — Boreal World,Tundra C — Boreal World 15.png,Tundra C — Boreal World,accepted,tundra,cold-oceanic,,True,True,False,True,False,True,False,Clouded blue cold world with little or no visible boreal land coverage.,,True,True,daa676c61483688dcddb9ad9dd96f8a78c0b254150dac9b2ab38544fe2431d1d
P44-08,Tundra C — Boreal World,Tundra C — Boreal World 16.png,Tundra C — Boreal World,rejected,tundra,cold-oceanic,,True,varies,varies,varies,False,False,False,Clouded blue cold world with little or no visible boreal land coverage.,Persistent colored limb glare or baked shadow strip remains visible during rotation.,True,True,b3ee4970b25084db33e6b9bf3362de6f9c87362dd10e9c30c6ea6a4598aa0fc0
P44-09,Tundra C — Boreal World,Tundra C — Boreal World 17.png,Tundra C — Boreal World,accepted,frozen,global-ice,super-earth,True,False,False,True,False,True,False,Nearly global pale ice with no visible boreal vegetation.,,True,True,308ae4f6d1917205b798d5eab3aa8d6bb739268a90c53bbc0dba2876695147c7
P44-10,Tundra C — Boreal World,Tundra C — Boreal World 18.png,Tundra C — Boreal World,accepted,tundra,cold-oceanic,,True,True,False,True,False,True,False,Clouded blue cold world with little or no visible boreal land coverage.,,True,True,26b0a8fd0aa5a4b35395040c14aa7a5283a00d6985d993060435fc270f1fb230
P44-11,Tundra C — Boreal World,Tundra C — Boreal World 19.png,Tundra C — Boreal World,accepted,tundra,cold-oceanic,,True,True,False,True,False,True,False,Clouded blue cold world with little or no visible boreal land coverage.,,True,True,b304372b11ee60b8c4be7818a551276336017b5f4aaae350fc32800140e99088
P44-12,Tundra C — Boreal World,Tundra C — Boreal World 2.png,Tundra C — Boreal World,accepted,tundra,cold-oceanic,,True,True,False,True,False,True,False,Clouded blue cold world with little or no visible boreal land coverage.,,True,True,4f42c91c7664998f87f498998db97ed3924053f5ca321ff135f7c17a816f5b27
P44-13,Tundra C — Boreal World,Tundra C — Boreal World 20.png,Tundra C — Boreal World,rejected,tundra,cold-oceanic,,True,varies,varies,varies,False,False,False,Clouded blue cold world with little or no visible boreal land coverage.,Persistent colored limb glare or baked shadow strip remains visible during rotation.,True,True,860db45a6d345982fb45fba6d470c788e692e1a0ee3598b20ce77a999a7e78bb
P44-14,Tundra C — Boreal World,Tundra C — Boreal World 21.png,Tundra C — Boreal World,accepted,tundra,cold-oceanic,,True,True,False,True,False,True,False,Clouded blue cold world with little or no visible boreal land coverage.,,True,True,417ef5221e4f9ec5285ba1013c23cb084e06329973d4348ade0232f980aba7b1
P44-15,Tundra C — Boreal World,Tundra C — Boreal World 22.png,Tundra C — Boreal World,rejected,tundra,boreal,,True,varies,varies,varies,False,not prepared (source excluded),True,,Closer inspection confirms recognizable Earth-derived continents/coastlines; excluded from alien-world selection.,False,False,4763725326c0675c31b257132c1989d403837e1de77f11efe6c02f482329e8fa
P44-16,Tundra C — Boreal World,Tundra C — Boreal World 23.png,Tundra C — Boreal World,rejected,frozen,global-ice,super-earth,True,varies,varies,varies,False,False,False,Nearly global pale ice with no visible boreal vegetation.,Persistent colored limb glare or baked shadow strip remains visible during rotation.,True,True,d79f7ccea7ec24bc2fa6e8ca34ec6da7f16dd7832e77c42a3242595f6489c4a2
P44-17,Tundra C — Boreal World,Tundra C — Boreal World 24.png,Tundra C — Boreal World,accepted,frozen,global-ice,super-earth,True,False,False,True,False,True,False,Nearly global pale ice with no visible boreal vegetation.,,True,True,0275fe56b977e415b2e39822109673d0c90f589ad10a56624e66e3bc0ec8b02f
P44-18,Tundra C — Boreal World,Tundra C — Boreal World 3.png,Tundra C — Boreal World,accepted,tundra,cold-oceanic,,True,True,False,True,False,True,False,Clouded blue cold world with little or no visible boreal land coverage.,,True,True,536d0a1282a65d4c050bd310218bad87dfe4f22624cc24e94e6cc48b6e07f166
P44-19,Tundra C — Boreal World,Tundra C — Boreal World 4.png,Tundra C — Boreal World,rejected,tundra,cold-oceanic,,True,varies,varies,varies,False,False,False,Clouded blue cold world with little or no visible boreal land coverage.,Persistent colored limb glare or baked shadow strip remains visible during rotation.,True,True,7741a02eda07f753a879c25c0996f6a10e1556d07b8851917c797bef9903e147
P44-20,Tundra C — Boreal World,Tundra C — Boreal World 5.png,Tundra C — Boreal World,accepted,tundra,cold-oceanic,,True,True,False,True,False,True,False,Clouded blue cold world with little or no visible boreal land coverage.,,True,True,2b4fe9753889a2f5d25e7e31652130e4894636ab45ae7acf1a09a41e73c1ffa6
P44-21,Tundra C — Boreal World,Tundra C — Boreal World 6.png,Tundra C — Boreal World,accepted,tundra,boreal,,True,True,True,True,False,True,False,,,True,True,ed7aeccdd78c38d4a4d29903d9f20a6ec04fd5c99974dec3eb3003480fde097e
P44-22,Tundra C — Boreal World,Tundra C — Boreal World 7.png,Tundra C — Boreal World,accepted,frozen,global-ice,super-earth,True,False,False,True,False,True,False,Nearly global pale ice with no visible boreal vegetation.,,True,True,0b3dfe7e3b1ba62a68e0e19deb4d36908662ebf2c4dd4efdadcf877997fca62e
P44-23,Tundra C — Boreal World,Tundra C — Boreal World 8.png,Tundra C — Boreal World,accepted,tundra,boreal,,True,True,True,True,False,True,False,,,True,True,b8045bbfa4f4bcf4635a2e54e010e97b1994ee645373f64afafefc8a06995c42
P44-24,Tundra C — Boreal World,Tundra C — Boreal World 9.png,Tundra C — Boreal World,rejected,tundra,boreal,,True,varies,varies,varies,False,False,False,,Persistent colored limb glare or baked shadow strip remains visible during rotation.,True,True,6e3434a8696f8eb7458b6ad4c1b9bb630b9ba477359310381ecde4d2ba9a66a4
P45-01,Volcanic A — Shield Volcano World,Volcanic A — Shield Volcano World 1.png,Volcanic A — Shield Volcano World,rejected,volcanic,shield-volcano,,varies,False,False,False,varies,not prepared (source excluded),True,,Closer inspection confirms recognizable Earth-derived continents/coastlines; excluded from alien-world selection.,False,False,7d5579c008bead80aa94e477f794e740ff258347694ebd66b5755954fe8dabd6
P45-02,Volcanic A — Shield Volcano World,Volcanic A — Shield Volcano World 10.png,Volcanic A — Shield Volcano World,accepted,volcanic,shield-volcano,,varies,False,False,False,varies,True,False,,,True,True,705f74722d810a6caa9bb785d6eb29474c05dd1532f9e50c22c179fd486f7bcc
P45-03,Volcanic A — Shield Volcano World,Volcanic A — Shield Volcano World 11.png,Volcanic A — Shield Volcano World,rejected,volcanic,shield-volcano,,varies,False,False,False,varies,False,False,,Studio floor/contact shadow and directional lighting make the globe unsuitable as a surface source.,False,False,f94065e795d02937f9c787a6c7f2d9078faf02d064ed71fb4184d12795ec227a
P45-04,Volcanic A — Shield Volcano World,Volcanic A — Shield Volcano World 12.png,Volcanic A — Shield Volcano World,accepted,volcanic,fractured-lava,,varies,False,False,False,varies,True,False,Widespread active fissures dominate rather than isolated shield volcanoes or ash calderas.,,True,True,3c7a5d0fe674e443cd18c5c88e3522ae192e8c38d896595fe0918b234342ee98
P45-05,Volcanic A — Shield Volcano World,Volcanic A — Shield Volcano World 13.png,Volcanic A — Shield Volcano World,rejected,volcanic,shield-volcano,,varies,False,False,False,varies,False,False,,Material preparation retained excessive unrecoverable darkness or clipped highlights.,False,False,ad07a4da98ec82cec48c4390187736e493685b8694b9910273d356a796b1016b
P45-06,Volcanic A — Shield Volcano World,Volcanic A — Shield Volcano World 14.png,Volcanic A — Shield Volcano World,rejected,volcanic,shield-volcano,,varies,False,False,False,varies,False,False,,Material preparation retained excessive unrecoverable darkness or clipped highlights.,False,False,516d276c738b346563619ebadb487a853f545929b796dc72bdaf81e917e6b090
P45-07,Volcanic A — Shield Volcano World,Volcanic A — Shield Volcano World 15.png,Volcanic A — Shield Volcano World,rejected,barren,dormant-volcanic,super-earth,varies,False,False,False,varies,False,False,Dry cratered/mineral surface with no convincing active incandescent lava; retain dormant geological history.,Persistent colored limb glare or baked shadow strip remains visible during rotation.,True,True,1149cf191436c9d80d3e8e8c9acd69c95f626eccb655f6b297c48047a6eec8cf
P45-08,Volcanic A — Shield Volcano World,Volcanic A — Shield Volcano World 16.png,Volcanic A — Shield Volcano World,rejected,volcanic,shield-volcano,,varies,False,False,False,varies,not prepared (source excluded),True,,Recognizable Earth continental geography is unsuitable for fictional alien worlds.,False,False,457f007c0a202ca44d9df1898f9a2d8ec808f3e63b96a605995a50bc40e245c1
P45-09,Volcanic A — Shield Volcano World,Volcanic A — Shield Volcano World 17.png,Volcanic A — Shield Volcano World,accepted,barren,dormant-volcanic,super-earth,varies,False,False,False,varies,True,False,Dry cratered/mineral surface with no convincing active incandescent lava; retain dormant geological history.,,True,True,3956db709a557d7a5a80984213af4a87947c6abd42bdfa433e8407cb790935fa
P45-10,Volcanic A — Shield Volcano World,Volcanic A — Shield Volcano World 18.png,Volcanic A — Shield Volcano World,accepted,volcanic,shield-volcano,,varies,False,False,False,varies,True,False,,,True,True,9e983c68e9f4761182f127eb06a55e4fba4677e878234a854b7114a28436daab
P45-11,Volcanic A — Shield Volcano World,Volcanic A — Shield Volcano World 19.png,Volcanic A — Shield Volcano World,accepted,volcanic,shield-volcano,,varies,False,False,False,varies,True,False,,,True,True,efe3edae5e2b5b34836857d43cffb80823bdddb34a3c861ff1703907cddd9bfc
P45-12,Volcanic A — Shield Volcano World,Volcanic A — Shield Volcano World 2.png,Volcanic A — Shield Volcano World,rejected,volcanic,shield-volcano,,varies,False,False,False,varies,not prepared (source excluded),False,,"Exaggerated miniature-model relief, clumped geometry or graphic plate boundaries are implausible at planetary scale.",False,False,727f3215d85e56c4ae9ce9a3bee2ece3bdf362c412dec9e3fb9b57d21f0e4eef
P45-13,Volcanic A — Shield Volcano World,Volcanic A — Shield Volcano World 20.png,Volcanic A — Shield Volcano World,accepted,volcanic,fractured-lava,,varies,False,False,False,varies,True,False,Widespread active fissures dominate rather than isolated shield volcanoes or ash calderas.,,True,True,6b76d22d3ae5de23df1cab9606e515b06f9cebc9284b1a33edf14a61ea64cc0e
P45-14,Volcanic A — Shield Volcano World,Volcanic A — Shield Volcano World 21.png,Volcanic A — Shield Volcano World,rejected,volcanic,shield-volcano,,varies,False,False,False,varies,False,False,,Severe baked hemispheric shadow and luminous rim hide the lower-left surface.,False,False,945191705ca68ffba837ca953047e86f6dd748e1134e4b507c54b8124e70b08a
P45-15,Volcanic A — Shield Volcano World,Volcanic A — Shield Volcano World 3.png,Volcanic A — Shield Volcano World,accepted,volcanic,shield-volcano,,varies,False,False,False,varies,True,False,,,True,True,db0ac970d9aad3ff1136d3d1aa6e6b82099ec051f429abbccc15084d2fc2c237
P45-16,Volcanic A — Shield Volcano World,Volcanic A — Shield Volcano World 4.png,Volcanic A — Shield Volcano World,rejected,volcanic,shield-volcano,,varies,False,False,False,varies,not prepared (source excluded),False,,"Exaggerated miniature-model relief, clumped geometry or graphic plate boundaries are implausible at planetary scale.",False,False,ea8d6fdad25dc0c8f6b8768505d8a05a8791a331a69e904f7ef6b91c7726dfaa
P45-17,Volcanic A — Shield Volcano World,Volcanic A — Shield Volcano World 5.png,Volcanic A — Shield Volcano World,rejected,volcanic,shield-volcano,,varies,False,False,False,varies,not prepared (source excluded),True,,Recognizable Earth continental geography is unsuitable for fictional alien worlds.,False,False,255c94df72a832b9d4915b84ca7b8308eabefc10cc13977c37155431e9f30f0d
P45-18,Volcanic A — Shield Volcano World,Volcanic A — Shield Volcano World 6.png,Volcanic A — Shield Volcano World,accepted,volcanic,shield-volcano,,varies,False,False,False,varies,True,False,,,True,True,0ed8d78f9688cbcdd1535c698388c2ac3b0f57fb67f339407bfbd7b029086fa2
P45-19,Volcanic A — Shield Volcano World,Volcanic A — Shield Volcano World 7.png,Volcanic A — Shield Volcano World,rejected,barren,dormant-volcanic,super-earth,varies,False,False,False,varies,False,False,Dry cratered/mineral surface with no convincing active incandescent lava; retain dormant geological history.,Persistent colored limb glare or baked shadow strip remains visible during rotation.,True,True,ce38df50bb3a8f408acef51b5b53e8b11dc3fc4f164da90163886b18e9ba8cf4
P45-20,Volcanic A — Shield Volcano World,Volcanic A — Shield Volcano World 8.png,Volcanic A — Shield Volcano World,rejected,volcanic,shield-volcano,,varies,False,False,False,varies,False,False,,Severe baked hemisphere/terminator or rim lighting conceals usable surface color.,False,False,e2ac9647aa17f61fea978f904d896e5d70a35a241928244a5dd20d4491f46793
P45-21,Volcanic A — Shield Volcano World,Volcanic A — Shield Volcano World 9.png,Volcanic A — Shield Volcano World,rejected,barren,dormant-volcanic,super-earth,varies,False,False,False,varies,False,False,Dry cratered/mineral surface with no convincing active incandescent lava; retain dormant geological history.,Material preparation retained excessive unrecoverable darkness or clipped highlights.,False,False,a5edef84530b0df91eae6f5bef5e470f7e3d95e2caf5d48cfb47525127dbc184
P46-01,Volcanic B — Rift World,Volcanic B — Rift World 1.png,Volcanic B — Rift World,rejected,volcanic,rift,,varies,False,False,False,varies,not prepared (source excluded),True,,Closer inspection confirms recognizable Earth-derived continents/coastlines; excluded from alien-world selection.,False,False,3a0ce522ad2a5476fd8ab39e2c74aa3d775ad7e59d83f6c0d1902c3847ce3891
P46-02,Volcanic B — Rift World,Volcanic B — Rift World 10.png,Volcanic B — Rift World,accepted,barren,dormant-volcanic,super-earth,varies,False,False,False,varies,True,False,Dry cratered/mineral surface with no convincing active incandescent lava; retain dormant geological history.,,True,True,e451e8a7bfefb74e73c7abc347104d51e794cfc3983e019840539d3dd52093e5
P46-03,Volcanic B — Rift World,Volcanic B — Rift World 11.png,Volcanic B — Rift World,rejected,volcanic,rift,,varies,False,False,False,varies,False,False,,Material preparation retained excessive unrecoverable darkness or clipped highlights.,False,False,60f89ff44bf7c9b1016cabd3cb7bc2fb4b47aa49e6b8390f9c895b49b1ad4a70
P46-04,Volcanic B — Rift World,Volcanic B — Rift World 12.png,Volcanic B — Rift World,accepted,barren,dormant-volcanic,super-earth,varies,False,False,False,varies,True,False,Dry cratered/mineral surface with no convincing active incandescent lava; retain dormant geological history.,,True,True,5387d019c82d88472d81b20c57a8a64843d6054757b4cec3d64c9965ce830df1
P46-05,Volcanic B — Rift World,Volcanic B — Rift World 13.png,Volcanic B — Rift World,accepted,volcanic,fractured-lava,,varies,False,False,False,varies,True,False,Widespread active fissures dominate rather than isolated shield volcanoes or ash calderas.,,True,True,3a84d4c8b8ab408a7a25ea42627811dd59f76445da8b3f3bfafb1c21f234a37a
P46-06,Volcanic B — Rift World,Volcanic B — Rift World 14.png,Volcanic B — Rift World,accepted,volcanic,rift,,varies,False,False,False,varies,True,False,,,True,True,ec2852bfbdc3631005a69a466650d6b071247f8c6c0c0508d1891928c98906d2
P46-07,Volcanic B — Rift World,Volcanic B — Rift World 15.png,Volcanic B — Rift World,accepted,volcanic,fractured-lava,,varies,False,False,False,varies,True,False,Widespread active fissures dominate rather than isolated shield volcanoes or ash calderas.,,True,True,2260008089194163bfaeb4ce6a8bdf10807c71b4c93771a6a32c37a1a9e003df
P46-08,Volcanic B — Rift World,Volcanic B — Rift World 16.png,Volcanic B — Rift World,accepted,cracked,global-fracture,,varies,False,False,False,varies,True,False,Major broken plate network with no obvious active lava.,,True,True,df0c9ac7ab76587f1b555b365045d9c75e326a41afd23eef8b6186e9d5615a58
P46-09,Volcanic B — Rift World,Volcanic B — Rift World 17.png,Volcanic B — Rift World,accepted,volcanic,fractured-lava,,varies,False,False,False,varies,True,False,Widespread active fissures dominate rather than isolated shield volcanoes or ash calderas.,,True,True,8eb52b8c98fba9be79aedc5182e8743c0dd9c02c8a9173c289a8c5d2b619364b
P46-10,Volcanic B — Rift World,Volcanic B — Rift World 18.png,Volcanic B — Rift World,rejected,volcanic,fractured-lava,,varies,False,False,False,varies,not prepared (source excluded),False,Widespread active fissures dominate rather than isolated shield volcanoes or ash calderas.,Duplicate content of P46-09; no duplicate runtime import. ,False,False,8eb52b8c98fba9be79aedc5182e8743c0dd9c02c8a9173c289a8c5d2b619364b
P46-11,Volcanic B — Rift World,Volcanic B — Rift World 19.png,Volcanic B — Rift World,rejected,volcanic,rift,,varies,False,False,False,varies,False,False,,Severe baked hemisphere/terminator or rim lighting conceals usable surface color.,False,False,57f664ef4294140184c8dfc94e2985970f54d3e4451bc2916c674c82d89f4fd2
P46-12,Volcanic B — Rift World,Volcanic B — Rift World 2.png,Volcanic B — Rift World,rejected,volcanic,rift,,varies,False,False,False,varies,not prepared (source excluded),False,,"Exaggerated miniature-model relief, clumped geometry or graphic plate boundaries are implausible at planetary scale.",False,False,b121774c21fbf5ec505b861f66c7e435edc1508d4156b7d0c9eef8c1d6a59365
P46-13,Volcanic B — Rift World,Volcanic B — Rift World 3.png,Volcanic B — Rift World,accepted,volcanic,rift,,varies,False,False,False,varies,True,False,,,True,True,e68eef01680d66e3ff484c073bded6788aef51690cdf4edca011fa1621fb17b6
P46-14,Volcanic B — Rift World,Volcanic B — Rift World 4.png,Volcanic B — Rift World,rejected,volcanic,rift,,varies,False,False,False,varies,False,False,,Persistent colored limb glare or baked shadow strip remains visible during rotation.,True,True,9f87ea4bed43df4f3fa997872fe8c8512aead9cbf7138a9b310793d22c7fb4c6
P46-15,Volcanic B — Rift World,Volcanic B — Rift World 5.png,Volcanic B — Rift World,rejected,volcanic,rift,,varies,False,False,False,varies,not prepared (source excluded),False,,"Exaggerated miniature-model relief, clumped geometry or graphic plate boundaries are implausible at planetary scale.",False,False,f0051e334fa895c6e035a18043a5c964a26615744ccad7c2d628c45c5d4eebbf
P46-16,Volcanic B — Rift World,Volcanic B — Rift World 6.png,Volcanic B — Rift World,accepted,barren,dormant-volcanic,super-earth,varies,False,False,False,varies,True,False,Dry cratered/mineral surface with no convincing active incandescent lava; retain dormant geological history.,,True,True,488d5ee22a52ab776d31798e2a111c1b9d5d65e54c118cc20750c8aa12d6e0f7
P46-17,Volcanic B — Rift World,Volcanic B — Rift World 7.png,Volcanic B — Rift World,accepted,volcanic,rift,,varies,False,False,False,varies,True,False,,,True,True,61d05220503102d34bf8e88b2f5a20c31647955ebb312c75fff89fdbad2a2739
P46-18,Volcanic B — Rift World,Volcanic B — Rift World 8.png,Volcanic B — Rift World,rejected,volcanic,rift,,varies,False,False,False,varies,not prepared (source excluded),False,,"Exaggerated miniature-model relief, clumped geometry or graphic plate boundaries are implausible at planetary scale.",False,False,1b4d8bd5430a65e2e48f0a682d8e405972b7abcd1835aa2bb6e77bc3dd0792dd
P46-19,Volcanic B — Rift World,Volcanic B — Rift World 9.png,Volcanic B — Rift World,accepted,barren,dormant-volcanic,super-earth,varies,False,False,False,varies,True,False,Dry cratered/mineral surface with no convincing active incandescent lava; retain dormant geological history.,,True,True,daa2fa58adef90f2930a913a5747032bb66f459cc0fe5a9dc5b6b12e32703525
P47-01,Volcanic C — Ash-Caldera World,Volcanic C — Ash- Caldera World 1.png,Volcanic C — Ash-Caldera World,rejected,volcanic,ash-caldera,,varies,False,False,False,varies,not prepared (source excluded),True,,Recognizable Earth continental geography is unsuitable for fictional alien worlds.,False,False,b2e6468014591457f95141ecd8ed837037867b4e8c92254b38f21860b52880e5
P47-02,Volcanic C — Ash-Caldera World,Volcanic C — Ash- Caldera World 10.png,Volcanic C — Ash-Caldera World,accepted,barren,dormant-volcanic,super-earth,varies,False,False,False,varies,True,False,Dry cratered/mineral surface with no convincing active incandescent lava; retain dormant geological history.,,True,True,62d3a77e7808369d28aeec77374b97a38fbeb3a93326b0fd63d1f685f3118779
P47-03,Volcanic C — Ash-Caldera World,Volcanic C — Ash- Caldera World 11.png,Volcanic C — Ash-Caldera World,rejected,volcanic,ash-caldera,,varies,False,False,False,varies,not prepared (source excluded),True,,Recognizable Earth continental geography is unsuitable for fictional alien worlds.,False,False,288795cfdfe22eba45d3d0a32bf9cd35615f47167b532883bde69ddc47921bca
P47-04,Volcanic C — Ash-Caldera World,Volcanic C — Ash- Caldera World 12.png,Volcanic C — Ash-Caldera World,accepted,volcanic,ash-caldera,,varies,False,False,False,varies,True,False,,,True,True,29b3699cee8d92a2fb3bab1780669c78a3509180ce5890a216e41a748cb52b3b
P47-05,Volcanic C — Ash-Caldera World,Volcanic C — Ash- Caldera World 13.png,Volcanic C — Ash-Caldera World,rejected,barren,dormant-volcanic,super-earth,varies,False,False,False,varies,False,False,Dry cratered/mineral surface with no convincing active incandescent lava; retain dormant geological history.,Persistent colored limb glare or baked shadow strip remains visible during rotation.,True,True,407620d6150b668d1cd732abae1c1223bafe512a5fe1853b765c7cff00c12f49
P47-06,Volcanic C — Ash-Caldera World,Volcanic C — Ash- Caldera World 14.png,Volcanic C — Ash-Caldera World,rejected,volcanic,ash-caldera,,varies,False,False,False,varies,not prepared (source excluded),False,,"Exaggerated miniature-model relief, clumped geometry or graphic plate boundaries are implausible at planetary scale.",False,False,82fd8927739c15c3ddc3f856d3d5a4bdef8bb12aad335afc912fae96419f8bfc
P47-07,Volcanic C — Ash-Caldera World,Volcanic C — Ash- Caldera World 15.png,Volcanic C — Ash-Caldera World,rejected,volcanic,ash-caldera,,varies,False,False,False,varies,not prepared (source excluded),True,,Recognizable Earth continental geography is unsuitable for fictional alien worlds.,False,False,c2527a9a755c0ffd222e5fb1a8901e63bf097f5f5151d2987e1443d3868ca0d3
P47-08,Volcanic C — Ash-Caldera World,Volcanic C — Ash- Caldera World 16.png,Volcanic C — Ash-Caldera World,rejected,barren,dormant-volcanic,super-earth,varies,False,False,False,varies,False,False,Dry cratered/mineral surface with no convincing active incandescent lava; retain dormant geological history.,Persistent colored limb glare or baked shadow strip remains visible during rotation.,True,True,538d9cc007a5db23fb4db48180b18a2257924c104011746624e38f3426f7f426
P47-09,Volcanic C — Ash-Caldera World,Volcanic C — Ash- Caldera World 17.png,Volcanic C — Ash-Caldera World,accepted,barren,dormant-volcanic,super-earth,varies,False,False,False,varies,True,False,Dry cratered/mineral surface with no convincing active incandescent lava; retain dormant geological history.,,True,True,7373853774c39802789c6e62fb595ae517b59697cdc81e075620d92ef9c86209
P47-10,Volcanic C — Ash-Caldera World,Volcanic C — Ash- Caldera World 18.png,Volcanic C — Ash-Caldera World,accepted,volcanic,ash-caldera,,varies,False,False,False,varies,True,False,,,True,True,6cd940eaf0a6876d7d7c7eb911b0ec06b9a3dbe8f47a9dfe0674be4e09372163
P47-11,Volcanic C — Ash-Caldera World,Volcanic C — Ash- Caldera World 19.png,Volcanic C — Ash-Caldera World,rejected,volcanic,ash-caldera,,varies,False,False,False,varies,not prepared (source excluded),True,,Closer inspection confirms recognizable Earth-derived continents/coastlines; excluded from alien-world selection.,False,False,796490d06a946dbf263a9d1747c0c50ba37ae18197c7d20af54845aa23c400e2
P47-12,Volcanic C — Ash-Caldera World,Volcanic C — Ash- Caldera World 2.png,Volcanic C — Ash-Caldera World,rejected,volcanic,ash-caldera,,varies,False,False,False,varies,not prepared (source excluded),True,,Recognizable Earth continental geography is unsuitable for fictional alien worlds.,False,False,65c263adacc4dcdd912b1cb3820eb83ceb99e3b3c86458e54266ff332848a9d0
P47-13,Volcanic C — Ash-Caldera World,Volcanic C — Ash- Caldera World 3.png,Volcanic C — Ash-Caldera World,rejected,volcanic,ash-caldera,,varies,False,False,False,varies,False,False,,Material preparation retained excessive unrecoverable darkness or clipped highlights.,False,False,a65e341cb818dc96656f7fbbf03ab0e336edf0371f94a279655b916391d10cb9
P47-14,Volcanic C — Ash-Caldera World,Volcanic C — Ash- Caldera World 4.png,Volcanic C — Ash-Caldera World,rejected,volcanic,ash-caldera,,varies,False,False,False,varies,not prepared (source excluded),True,,Recognizable Earth continental geography is unsuitable for fictional alien worlds.,False,False,d977b055f37a40c8d337e2027fe29da477a1a5e68538242cabab411f9d72d73d
P47-15,Volcanic C — Ash-Caldera World,Volcanic C — Ash- Caldera World 5.png,Volcanic C — Ash-Caldera World,rejected,volcanic,ash-caldera,,varies,False,False,False,varies,not prepared (source excluded),False,,"Exaggerated miniature-model relief, clumped geometry or graphic plate boundaries are implausible at planetary scale.",False,False,8759de3c8503be557fe0872ca704818fd2a9d2012ce7dddecd6a705892e60850
P47-16,Volcanic C — Ash-Caldera World,Volcanic C — Ash- Caldera World 6.png,Volcanic C — Ash-Caldera World,accepted,volcanic,fractured-lava,,varies,False,False,False,varies,True,False,Widespread active fissures dominate rather than isolated shield volcanoes or ash calderas.,,True,True,46871aa4aadadae302b68f2dcbdcceb599c94c47e0257bdf02299214755d9cae
P47-17,Volcanic C — Ash-Caldera World,Volcanic C — Ash- Caldera World 7.png,Volcanic C — Ash-Caldera World,accepted,barren,dormant-volcanic,super-earth,varies,False,False,False,varies,True,False,Dry cratered/mineral surface with no convincing active incandescent lava; retain dormant geological history.,,True,True,0772b0b5fa012039fd1628f806b1e0ae5c48a820224bed8c719d2e778e0c921c
P47-18,Volcanic C — Ash-Caldera World,Volcanic C — Ash- Caldera World 8.png,Volcanic C — Ash-Caldera World,rejected,volcanic,ash-caldera,,varies,False,False,False,varies,False,False,,Material preparation retained excessive unrecoverable darkness or clipped highlights.,False,False,021926077991dbb71d6055fa7a0d47db8efd076f1eead4bd79132a9272934ef9
P47-19,Volcanic C — Ash-Caldera World,Volcanic C — Ash- Caldera World 9.png,Volcanic C — Ash-Caldera World,rejected,barren,dormant-volcanic,super-earth,varies,False,False,False,varies,False,False,Dry cratered/mineral surface with no convincing active incandescent lava; retain dormant geological history.,Material preparation retained excessive unrecoverable darkness or clipped highlights.,False,False,9152bb3261086d3c4a4723fbc06d388fb7a13e5fe55d91f422fd85b30ec659e4
